date,portfolio_value
2018-03-05,1000000.0
2018-03-05,1000471.3043403513
2018-03-06,1000854.8885942801
2018-03-07,1000813.7423919474
2018-03-08,1000316.4679743992
2018-03-09,999384.3730109761
2018-03-12,998030.7306051267
2018-03-13,996341.8917348732
2018-03-14,994479.7493322517
2018-03-15,992508.7374308265
2018-03-16,992508.7374308265
2018-03-19,990688.5152258998
2018-03-20,990688.5152258998
2018-03-21,989051.3188857074
2018-03-22,987515.4826662157
2018-03-23,987515.4826662157
2018-03-26,986087.1250568047
2018-03-27,984770.4459502659
2018-03-28,983398.0763375664
2018-03-29,981779.6366106474
2018-04-02,980130.693395402
2018-04-03,978364.6399770561
2018-04-04,976331.6260447762
2018-04-05,974066.678913681
2018-04-06,971775.5351797437
2018-04-09,969379.4881268912
2018-04-10,966888.5510977998
2018-04-11,964395.2587080358
2018-04-12,961945.1310763521
2018-04-13,959444.3470935099
2018-04-16,956764.8968617264
2018-04-17,953942.3233585486
2018-04-18,951143.2627228075
2018-04-19,948453.4511953511
2018-04-20,945870.4396393133
2018-04-23,943356.7266362931
2018-04-24,940998.7907181829
2018-04-25,938579.4043592423
2018-04-26,936018.0840967675
2018-04-27,933417.4950155738
2018-04-30,930991.1520836765
2018-05-01,928610.0901377979
2018-05-02,926609.0901315582
2018-05-03,925998.5218253781
2018-05-04,926362.6255726841
2018-05-07,926362.6255726841
2018-05-08,926362.6255726841
2018-05-09,926362.6255726841
2018-05-10,926362.6255726841
2018-05-11,926362.6255726841
2018-05-14,926362.6255726841
2018-05-15,926362.6255726841
2018-05-16,926362.6255726841
2018-05-17,925548.6501374446
2018-05-18,924751.1488991271
2018-05-21,923102.6884875526
2018-05-22,923102.6884875526
2018-05-23,923102.6884875526
2018-05-24,922573.4078910219
2018-05-25,922573.4078910219
2018-05-29,921878.3289265939
2018-05-30,921009.0884701447
2018-05-31,920116.9512103075
2018-06-01,920116.9512103075
2018-06-04,920116.9512103075
2018-06-05,920116.9512103075
2018-06-06,920116.9512103075
2018-06-07,920116.9512103075
2018-06-08,919843.6340249125
2018-06-11,919843.6340249125
2018-06-12,919637.380603608
2018-06-13,919398.7938931
2018-06-14,919024.3392404903
2018-06-15,918491.705428078
2018-06-18,917886.6303271832
2018-06-19,916866.6334642017
2018-06-20,915690.0889116792
2018-06-21,914240.5535447855
2018-06-22,913016.6848638774
2018-06-25,912436.7753646659
2018-06-26,912436.7753646659
2018-06-27,914007.863832677
2018-06-28,915729.1802601815
2018-06-29,917608.3062385326
2018-07-02,919465.5783258403
2018-07-03,921258.7438736426
2018-07-05,922969.1854738479
2018-07-06,924636.7327510181
2018-07-09,926112.2880966966
2018-07-10,927633.9948930339
2018-07-11,929252.5333491669
2018-07-12,930916.7832954868
2018-07-13,932586.5264164621
2018-07-16,934344.8048267431
2018-07-17,936151.561136746
2018-07-18,937984.3075444541
2018-07-19,939906.6260842178
2018-07-20,942039.9268842511
2018-07-23,944339.6372002997
2018-07-24,946855.1852131182
2018-07-25,949456.9980103826
2018-07-26,952107.94211497
2018-07-27,954595.1793496743
2018-07-30,956884.5504318154
2018-07-31,958809.672772526
2018-08-01,960564.6602817989
2018-08-02,962106.9833607511
2018-08-03,963396.2678255469
2018-08-06,964426.6392937022
2018-08-07,965275.5047032718
2018-08-08,965861.5197949441
2018-08-09,966164.0457244362
2018-08-10,966431.1797570656
2018-08-13,966692.7668483066
2018-08-14,966875.4594130034
2018-08-15,967013.2219236383
2018-08-16,967208.6209378595
2018-08-17,967194.39465641
2018-08-20,966804.4677930574
2018-08-21,966200.5352490066
2018-08-22,965308.6642581736
2018-08-23,964178.1832559241
2018-08-24,964178.1832559241
2018-08-27,964178.1832559241
2018-08-28,965112.706026668
2018-08-29,965112.706026668
2018-08-30,965112.706026668
2018-08-31,966623.9611117347
2018-09-04,968262.5090848932
2018-09-05,970035.1103289807
2018-09-06,972078.2151650073
2018-09-07,974197.5915267173
2018-09-10,976375.244520782
2018-09-11,978818.3257624934
2018-09-12,981512.6979586636
2018-09-13,984416.7234875745
2018-09-14,987573.6469790825
2018-09-17,990960.7523393487
2018-09-18,994399.0752875593
2018-09-19,997802.1567810542
2018-09-20,1001210.2570476206
2018-09-21,1004650.8106600799
2018-09-24,1008032.2641051062
2018-09-25,1011321.8471557435
2018-09-26,1014411.8185117636
2018-09-27,1017156.5442679633
2018-09-28,1019683.6332878144
2018-10-01,1021739.7901225783
2018-10-02,1023386.5129901972
2018-10-03,1024276.081925457
2018-10-04,1024337.7089700643
2018-10-05,1023206.7982109465
2018-10-08,1021084.9358293443
2018-10-09,1017803.7489198623
2018-10-10,1013672.5044332211
2018-10-11,1013672.5044332211
2018-10-12,1013672.5044332211
2018-10-15,1013672.5044332211
2018-10-16,1007877.3447379891
2018-10-17,1004974.6591855237
2018-10-18,1004974.6591855237
2018-10-19,1000356.2102412521
2018-10-22,1000356.2102412521
2018-10-23,1000356.2102412521
2018-10-24,1001570.7905921885
2018-10-25,1003913.9700169791
2018-10-26,1006456.0532308107
2018-10-29,1009040.4196806365
2018-10-30,1011544.4758460328
2018-10-31,1013974.765658732
2018-11-01,1015949.8731686148
2018-11-02,1017139.1234307946
2018-11-05,1017277.2081535178
2018-11-06,1016408.7478184449
2018-11-07,1014378.4008876097
2018-11-08,1011642.9166526167
2018-11-09,1008603.5553397709
2018-11-12,1005346.608483428
2018-11-13,1002032.0064898427
2018-11-14,998767.2529157804
2018-11-15,995607.690340507
2018-11-16,992558.1604750885
2018-11-19,989734.9690843611
2018-11-20,987155.2868384469
2018-11-21,984788.5728163387
2018-11-23,984788.5728163387
2018-11-26,986762.7382576837
2018-11-27,988583.36973793
2018-11-28,990334.0109316792
2018-11-29,992010.3799566906
2018-11-30,993613.3221301478
2018-12-03,995138.7479431959
2018-12-04,996326.2753208221
2018-12-06,997067.5811605494
2018-12-07,997356.3435960446
2018-12-10,997356.3435960446
2018-12-11,997356.3435960446
2018-12-12,997356.3435960446
2018-12-13,997356.3435960446
2018-12-14,997312.1768098731
2018-12-17,997400.9684878279
2018-12-18,997841.4998608794
2018-12-19,998794.146866997
2018-12-20,1000021.7122089065
2018-12-21,1001742.4780576873
2018-12-24,1003518.7359093332
2018-12-26,1005312.6335329217
2018-12-27,1006916.1044454655
2018-12-28,1008374.0671240061
2018-12-31,1009588.1753265915
2019-01-02,1010640.6621983283
2019-01-03,1011766.5547327624
2019-01-04,1012809.8175849902
2019-01-07,1013803.7455399584
2019-01-08,1014583.7243638075
2019-01-09,1015374.9342889764
2019-01-10,1016016.84297487
2019-01-11,1016792.9286430931
2019-01-14,1017878.7597437336
2019-01-15,1019232.1440922484
2019-01-16,1020790.7939793029
2019-01-17,1022465.7688487767
2019-01-18,1024197.5925571676
2019-01-22,1025927.9401533009
2019-01-23,1027955.0859388752
2019-01-24,1030107.468365045
2019-01-25,1032551.3552140072
2019-01-28,1035205.4675875311
2019-01-29,1036553.14304793
2019-01-30,1038010.3609565932
2019-01-31,1038667.189039748
2019-02-01,1039090.5006272936
2019-02-04,1039090.5006272936
2019-02-05,1039090.5006272936
2019-02-06,1039090.5006272936
2019-02-07,1040147.8342512058
2019-02-08,1040147.8342512058
2019-02-11,1040580.0344144951
2019-02-12,1041139.0421184291
2019-02-13,1041481.4690994233
2019-02-14,1041804.1489461194
2019-02-15,1041804.1489461194
2019-02-19,1041804.1489461194
2019-02-20,1041804.1489461194
2019-02-21,1041343.417294169
2019-02-22,1040914.6496010933
2019-02-25,1040442.3474168951
2019-02-26,1040442.3474168951
2019-02-27,1040442.3474168951
2019-02-28,1040442.3474168951
2019-03-01,1040442.3474168951
2019-03-04,1040442.3474168951
2019-03-05,1040442.3474168951
2019-03-06,1042406.816201031
2019-03-07,1044170.1695964657
2019-03-08,1045835.033219237
2019-03-11,1047482.3341245101
2019-03-12,1049115.7737867497
2019-03-13,1050750.3569841364
2019-03-14,1052486.0332969483
2019-03-15,1054382.15624868
2019-03-18,1056463.1078928923
2019-03-19,1058668.438429936
2019-03-20,1060987.7990418577
2019-03-21,1063193.8529812347
2019-03-22,1065472.3998942012
2019-03-25,1067741.2878572026
2019-03-26,1070067.7563515727
2019-03-27,1072358.0453893133
2019-03-28,1074645.7081340426
2019-03-29,1076657.3128366182
2019-04-01,1078474.4974700254
2019-04-02,1080151.8479813526
2019-04-03,1081779.6225884755
2019-04-04,1083296.3850736255
2019-04-05,1084644.4987419886
2019-04-08,1084644.4987419886
2019-04-09,1085662.1575821273
2019-04-10,1084573.4011105278
2019-04-11,1083612.2586659242
2019-04-12,1082836.305170117
2019-04-15,1082279.9977661823
2019-04-16,1082185.203497347
2019-04-17,1082478.5938274965
2019-04-18,1082915.3991894592
2019-04-22,1083358.341443372
2019-04-23,1083971.1389938376
2019-04-24,1084561.2399606921
2019-04-25,1085136.15877096
2019-04-26,1085979.6185159595
2019-04-29,1087111.106682402
2019-04-30,1088351.5462740231
2019-05-01,1089747.68866504
2019-05-02,1091249.1408273042
2019-05-03,1092594.4902848075
2019-05-06,1093672.1158456956
2019-05-07,1094274.5015521476
2019-05-08,1094285.0172133893
2019-05-09,1093847.3907799518
2019-05-10,1093194.5215191112
2019-05-13,1093799.717280863
2019-05-14,1094574.7825472755
2019-05-15,1095284.3277979346
2019-05-16,1096053.9040394528
2019-05-17,1097046.5388800204
2019-05-20,1098084.2483821325
2019-05-21,1099004.8514646215
2019-05-22,1100006.2327936064
2019-05-23,1100968.9928574099
2019-05-24,1101727.0170249902
2019-05-28,1102541.951452838
2019-05-29,1103507.2935757902
2019-05-30,1104697.8704259607
2019-05-31,1106100.2160227615
2019-06-03,1107759.5871008402
2019-06-04,1107759.5871008402
2019-06-05,1109085.9364139999
2019-06-06,1110075.9978445664
2019-06-07,1110756.0501350341
2019-06-10,1111248.9881392778
2019-06-11,1111852.3366881607
2019-06-12,1112628.4228297598
2019-06-13,1113423.426531589
2019-06-14,1114315.5112974013
2019-06-17,1115186.859209585
2019-06-18,1116049.0401021806
2019-06-19,1116840.3322905796
2019-06-20,1117642.9867174614
2019-06-21,1118555.9084628904
2019-06-24,1119671.0979717115
2019-06-25,1120880.3645210373
2019-06-26,1122146.8221079188
2019-06-27,1123324.7487518876
2019-06-28,1124293.128008562
2019-07-01,1124849.4687898224
2019-07-02,1125215.6002431293
2019-07-03,1125011.4314213963
2019-07-05,1125309.8492433738
2019-07-08,1126173.0743517892
2019-07-09,1127423.3553973495
2019-07-10,1129239.674412929
2019-07-11,1131313.8151848975
2019-07-12,1133765.7515765931
2019-07-15,1136299.5157230247
2019-07-16,1138887.0292185731
2019-07-17,1141365.3689383636
2019-07-18,1143542.6790095794
2019-07-19,1145426.1614583721
2019-07-22,1147057.5967051203
2019-07-23,1148523.648301354
2019-07-24,1150072.1742165973
2019-07-25,1151764.002906908
2019-07-26,1153533.2116073694
2019-07-29,1155425.4197899778
2019-07-30,1157374.5152072797
2019-07-31,1158992.4837632913
2019-08-01,1160536.7850574916
2019-08-02,1161559.5922574745
2019-08-05,1161559.5922574745
2019-08-06,1161720.401652051
2019-08-07,1162260.9876112342
2019-08-08,1163339.046390872
2019-08-09,1164771.7768753807
2019-08-12,1166676.6998818205
2019-08-13,1168815.4890505231
2019-08-14,1171208.5820239573
2019-08-15,1173846.8605057618
2019-08-16,1176344.5151408238
2019-08-19,1178502.983290845
2019-08-20,1180179.5433133028
2019-08-21,1181445.7138968597
2019-08-22,1182405.780182754
2019-08-23,1183069.6528659288
2019-08-26,1183569.2086372296
2019-08-27,1183940.7856320422
2019-08-28,1184063.40596493
2019-08-29,1183889.3996591594
2019-08-30,1183479.2088906085
2019-09-03,1182608.150574818
2019-09-04,1183685.7772151846
2019-09-05,1184972.692747881
2019-09-06,1186430.5259780488
2019-09-09,1187892.731145928
2019-09-10,1189292.8888324169
2019-09-11,1190675.145949034
2019-09-12,1192066.6419145644
2019-09-13,1193407.267252439
2019-09-16,1194860.550639957
2019-09-17,1196389.7701107247
2019-09-18,1197847.3307019318
2019-09-19,1199120.6883979863
2019-09-20,1200221.9515009478
2019-09-23,1201091.80117456
2019-09-24,1201548.4089087346
2019-09-25,1201779.7733278885
2019-09-26,1201630.7362154198
2019-09-27,1201630.7362154198
2019-09-30,1200770.3800643454
2019-10-01,1201610.8577250303
2019-10-02,1203112.548367155
2019-10-03,1204972.8629357095
2019-10-04,1206946.460490837
2019-10-07,1209135.0783575666
2019-10-08,1211680.2603935862
2019-10-09,1214032.4149990093
2019-10-10,1216191.5387774373
2019-10-11,1218212.3809616093
2019-10-14,1219982.4093637709
2019-10-15,1221630.5452188347
2019-10-16,1223202.4016896635
2019-10-17,1224681.3490301566
2019-10-18,1226101.940887019
2019-10-21,1227483.9154341207
2019-10-22,1228709.6009793617
2019-10-23,1229736.3054578064
2019-10-24,1230609.2869499447
2019-10-25,1231339.2671474433
2019-10-28,1231844.4359133367
2019-10-29,1232105.1037530256
2019-10-30,1232516.410668771
2019-10-31,1232728.092650733
2019-11-01,1232565.1989742755
2019-11-04,1232348.2328814522
2019-11-05,1232166.0417989485
2019-11-06,1231730.3306219631
2019-11-07,1231412.5181470509
2019-11-08,1231192.4047186628
2019-11-11,1231026.8370588785
2019-11-12,1230907.6006523627
2019-11-13,1230761.9150745105
2019-11-14,1230455.0682190424
2019-11-15,1230208.6928548117
2019-11-18,1229980.0656111538
2019-11-19,1229607.7394436246
2019-11-20,1229288.6952740666
2019-11-21,1229246.5826149564
2019-11-22,1229344.9557610494
2019-11-25,1229533.7418649837
2019-11-26,1229842.7389889401
2019-11-27,1230115.3868764103
2019-11-29,1230295.921193519
2019-12-02,1230434.88274481
2019-12-03,1230710.0267276217
2019-12-04,1231121.2288350977
2019-12-05,1231564.8983156667
2019-12-06,1231973.6197454655
2019-12-09,1232404.1015403785
2019-12-10,1232821.706905901
2019-12-11,1233287.9010216123
2019-12-12,1233844.9296779076
2019-12-13,1234606.4557553907
2019-12-16,1235616.8986463484
2019-12-17,1236677.4147002252
2019-12-18,1237832.6329314415
2019-12-19,1237832.6329314415
2019-12-20,1237832.6329314415
2019-12-23,1236250.4732467015
2019-12-24,1234544.8928576396
2019-12-26,1232770.33872401
2019-12-27,1230986.5848835907
2019-12-30,1229130.2165747867
2019-12-31,1227216.3913712616
2020-01-02,1225206.498641694
2020-01-03,1226999.4311127076
2020-01-06,1228869.870081727
2020-01-07,1230684.4589837654
2020-01-08,1232552.781237764
2020-01-09,1234360.246621646
2020-01-10,1236198.4605842703
2020-01-13,1237963.2661116538
2020-01-14,1239774.6830769503
2020-01-15,1241597.993082607
2020-01-16,1243276.1555246923
2020-01-17,1244917.4700432476
2020-01-21,1244917.4700432476
2020-01-22,1244917.4700432476
2020-01-23,1243763.5291244762
2020-01-24,1243763.5291244762
2020-01-27,1243285.44844421
2020-01-28,1242900.0559016846
2020-01-29,1242900.0559016846
2020-01-30,1242900.0559016846
2020-01-31,1241782.4843045638
2020-02-03,1240198.7396689935
2020-02-04,1238597.3509933378
2020-02-05,1237077.3369386948
2020-02-06,1235937.7535380456
2020-02-07,1235504.5693866569
2020-02-10,1236505.167264163
2020-02-11,1238680.1497682193
2020-02-12,1242027.9269096013
2020-02-13,1245708.093169561
2020-02-14,1250018.0700982334
2020-02-18,1253938.204845268
2020-02-19,1257456.3467938504
2020-02-20,1260733.53049407
2020-02-21,1263952.4148638782
2020-02-24,1266981.2690481157
2020-02-25,1270187.0726650385
2020-02-26,1273377.2832064475
2020-02-27,1276524.5689478992
2020-02-28,1279962.2610827317
2020-03-02,1283505.8685569428
2020-03-03,1287014.2218672086
2020-03-04,1290833.4402887553
2020-03-05,1294698.0687195593
2020-03-06,1298530.3684290785
2020-03-09,1302050.084904914
2020-03-10,1304835.4920248287
2020-03-11,1306065.2878393498
2020-03-12,1305917.5997547617
2020-03-13,1304657.4905628562
2020-03-16,1303326.3553071502
2020-03-17,1301721.5181790318
2020-03-18,1302343.4035839634
2020-03-19,1302524.4378176692
2020-03-20,1301495.4014438936
2020-03-23,1302205.6864341102
2020-03-24,1302801.5570460404
2020-03-25,1302801.5570460404
2020-03-26,1302801.5570460404
2020-03-27,1303512.3816921334
2020-03-30,1303512.3816921334
2020-03-31,1303512.3816921334
2020-04-01,1303512.3816921334
2020-04-02,1303512.3816921334
2020-04-03,1302845.4519090373
2020-04-06,1302845.4519090373
2020-04-07,1302538.2887023587
2020-04-08,1302538.2887023587
2020-04-09,1302643.8698732737
2020-04-13,1302648.974099364
2020-04-14,1302585.6354262852
2020-04-15,1302585.6354262852
2020-04-16,1302722.4643954013
2020-04-17,1303128.5670577828
2020-04-20,1304300.2138361824
2020-04-21,1306030.7849255088
2020-04-22,1308371.8109891973
2020-04-23,1310908.749123636
2020-04-24,1313860.078885764
2020-04-27,1316819.1903571342
2020-04-28,1316819.1903571342
2020-04-29,1319744.2063107188
2020-04-30,1323006.0588184006
2020-05-01,1326575.0143717926
2020-05-04,1330410.6400257612
2020-05-05,1334907.9362355873
2020-05-06,1339603.050312246
2020-05-07,1344304.0089072462
2020-05-08,1348874.5573412573
2020-05-11,1353222.6293623315
2020-05-12,1357175.952852758
2020-05-13,1360828.7786565514
2020-05-14,1364391.4205329025
2020-05-15,1367515.9922043302
2020-05-18,1370200.4059979944
2020-05-19,1372504.031975103
2020-05-20,1374596.4758373543
2020-05-21,1376235.8481645556
2020-05-22,1377444.0940069153
2020-05-26,1378170.49820211
2020-05-27,1378327.3768052442
2020-05-28,1377939.8440302215
2020-05-29,1377185.6946793732
2020-06-01,1376316.6490717256
2020-06-02,1375560.0589318087
2020-06-03,1375002.396619698
2020-06-04,1375002.396619698
2020-06-05,1375002.396619698
2020-06-08,1375002.396619698
2020-06-09,1375002.396619698
2020-06-10,1373598.3521367426
2020-06-11,1372543.960817997
2020-06-12,1372498.956669445
2020-06-15,1373026.874786729
2020-06-16,1374087.7852554044
2020-06-17,1375813.081603845
2020-06-18,1377863.1787679857
2020-06-19,1379654.0515240505
2020-06-22,1381523.9489503647
2020-06-23,1383551.1445002581
2020-06-24,1385651.0566059672
2020-06-25,1387803.6609363314
2020-06-26,1390099.6532102863
2020-06-29,1392501.867892952
2020-06-30,1394762.5267746006
2020-07-01,1397090.1941343439
2020-07-02,1399487.85447556
2020-07-06,1401840.3009188978
2020-07-07,1403908.0660578765
2020-07-08,1405945.130130784
2020-07-09,1407921.431912455
2020-07-10,1409888.2274516413
2020-07-13,1411851.7506443188
2020-07-14,1413841.8968263255
2020-07-15,1415682.3556721206
2020-07-16,1417039.0878739965
2020-07-17,1418027.609889441
2020-07-20,1418647.911724977
2020-07-21,1419215.2457911728
2020-07-22,1419663.1729154696
2020-07-23,1420132.4501990818
2020-07-24,1420548.4566879864
2020-07-27,1420856.4505836428
2020-07-28,1421098.0501468086
2020-07-29,1421325.2638145029
2020-07-30,1421452.5612517574
2020-07-31,1421201.2319941008
2020-08-03,1420631.8830030141
2020-08-04,1419773.8231875456
2020-08-05,1418976.8670317738
2020-08-06,1418092.6189641955
2020-08-07,1417194.9608142865
2020-08-10,1416142.0297717024
2020-08-11,1414924.491090416
2020-08-12,1413374.0301333736
2020-08-13,1411763.9937339413
2020-08-14,1410387.690382107
2020-08-17,1409196.3995640485
2020-08-18,1408209.5762050794
2020-08-19,1407219.204551101
2020-08-20,1406167.235722527
2020-08-21,1404956.2685238924
2020-08-24,1404034.9821699685
2020-08-25,1403721.183764066
2020-08-26,1403406.506287294
2020-08-27,1403118.366399329
2020-08-28,1402852.0303140117
2020-08-31,1403174.3022933917
2020-09-01,1403819.854278187
2020-09-02,1404794.0693410158
2020-09-03,1406172.1632143252
2020-09-04,1408008.3421312505
2020-09-08,1410174.4638023302
2020-09-09,1412860.2722654152
2020-09-10,1415922.1930240947
2020-09-11,1419315.4055307105
2020-09-14,1422693.8003417442
2020-09-15,1425497.1735549194
2020-09-16,1428579.1055166374
2020-09-17,1431457.8449025669
2020-09-18,1434109.073344021
2020-09-21,1436610.4715069784
2020-09-22,1438961.8912992035
2020-09-23,1441246.4646858706
2020-09-24,1443458.7402419983
2020-09-25,1445431.6264213866
2020-09-28,1446960.888441077
2020-09-29,1447829.6521707089
2020-09-30,1448026.7493708453
2020-10-01,1447767.5246115036
2020-10-02,1447155.6965457143
2020-10-05,1446269.8256771069
2020-10-06,1445446.1791633533
2020-10-07,1444681.9248419113
2020-10-08,1444272.2838336315
2020-10-09,1443950.5505705897
2020-10-12,1443881.8495733154
2020-10-13,1444087.2111196686
2020-10-14,1444390.2416981542
2020-10-15,1444626.8874283195
2020-10-16,1445114.686785169
2020-10-19,1446029.1749551068
2020-10-20,1447348.5273815705
2020-10-21,1449027.5476053571
2020-10-22,1450869.0773890351
2020-10-23,1452989.3904957953
2020-10-26,1455158.7202158265
2020-10-27,1457462.5238597787
2020-10-28,1460239.4131399384
2020-10-29,1463304.7410566623
2020-10-30,1466302.799159718
2020-11-02,1469121.4786907795
2020-11-03,1471545.7008007148
2020-11-04,1473295.0515170875
2020-11-05,1474349.3525127608
2020-11-06,1474587.9671387726
2020-11-09,1474409.7397865586
2020-11-10,1473733.231010528
2020-11-11,1472893.6636902953
2020-11-12,1472028.1668382012
2020-11-13,1471317.2721189295
2020-11-16,1470400.5062735856
2020-11-17,1469608.7825539948
2020-11-18,1468514.9464471787
2020-11-19,1467396.3116325787
2020-11-20,1466379.804727685
2020-11-23,1465511.5013692428
2020-11-24,1464740.868209495
2020-11-25,1464385.0842053492
2020-11-27,1464229.5805695357
2020-11-30,1464227.6080081095
2020-12-01,1464619.920451545
2020-12-02,1465119.1881232574
2020-12-03,1465884.0548035163
2020-12-04,1467107.8230629687
2020-12-07,1469028.76226119
2020-12-08,1471206.5504818289
2020-12-09,1473966.1774014654
2020-12-10,1477193.592696618
2020-12-11,1480317.42970246
2020-12-14,1483335.779136081
2020-12-15,1486498.1647823872
2020-12-16,1489689.9059603605
2020-12-17,1492640.5122909546
2020-12-18,1495832.37820132
2020-12-21,1499078.025416284
2020-12-22,1502454.8682261608
2020-12-23,1505745.9195349745
2020-12-24,1509280.7034445573
2020-12-28,1512692.5691658845
2020-12-29,1516016.0075356108
2020-12-30,1519306.000052722
2020-12-31,1522744.2826575043
2021-01-04,1526311.9683180468
2021-01-05,1530240.1385287503
2021-01-06,1534251.6884593253
2021-01-07,1538201.0722276883
2021-01-08,1542464.6139956194
2021-01-11,1546594.224284461
2021-01-12,1550423.7091973012
2021-01-13,1554278.5236617946
2021-01-14,1557950.1158587008
2021-01-15,1560940.1181930972
2021-01-19,1563535.0382743368
2021-01-20,1565827.571034025
2021-01-21,1567760.0786516014
2021-01-22,1569528.3064341971
2021-01-25,1571204.6645127821
2021-01-26,1572875.19611251
2021-01-27,1574398.7649796593
2021-01-28,1575812.850225333
2021-01-29,1576889.8018119815
2021-02-01,1577543.7203065709
2021-02-02,1577481.2394520515
2021-02-03,1577017.3309427833
2021-02-04,1575966.5843452502
2021-02-05,1574603.0724857154
2021-02-08,1572883.5778732458
2021-02-09,1570849.5149919696
2021-02-10,1568525.7245954764
2021-02-11,1566104.980312132
2021-02-12,1563472.6790477203
2021-02-16,1561016.5087581184
2021-02-17,1558926.1355025705
2021-02-18,1557059.691984706
2021-02-19,1555140.62242269
2021-02-22,1553823.9298788118
2021-02-23,1551725.3048231716
2021-02-24,1549385.9153155247
2021-02-25,1546876.8466130963
2021-02-26,1544602.613306255
2021-03-01,1543578.6510185585
2021-03-02,1542449.2882834782
2021-03-03,1540242.4077349808
2021-03-04,1538361.1549930007
2021-03-05,1539551.5749591324
2021-03-08,1540634.6623532618
2021-03-09,1541764.6982041693
2021-03-10,1542924.9563460234
2021-03-11,1544285.148315736
2021-03-12,1544285.148315736
2021-03-15,1544285.148315736
2021-03-16,1543516.2895449437
2021-03-17,1541841.6633614937
2021-03-18,1540150.9098756036
2021-03-19,1538493.959254622
2021-03-22,1537148.4647235444
2021-03-23,1535941.2176754663
2021-03-24,1535051.0109191407
2021-03-25,1534274.8485066937
2021-03-26,1533552.433041641
2021-03-29,1532734.4019867373
2021-03-30,1531643.5713003823
2021-03-31,1530121.3315255973
2021-04-01,1528342.4696909967
2021-04-05,1526325.1640545095
2021-04-06,1523884.6408629376
2021-04-07,1521311.9535497024
2021-04-08,1518822.0618697007
2021-04-09,1516396.1012446792
2021-04-12,1514151.065042524
2021-04-13,1512135.1199359924
2021-04-14,1510358.7844683893
2021-04-15,1508698.3713174202
2021-04-16,1507285.6447102388
2021-04-19,1505979.6610969466
2021-04-20,1504911.7927640234
2021-04-21,1503903.764955592
2021-04-22,1502817.806050481
2021-04-23,1501568.6176942643
2021-04-26,1500365.245761719
2021-04-27,1499175.0407224626
2021-04-28,1497976.4125158514
2021-04-29,1496947.2965356202
2021-04-30,1496276.956492008
2021-05-03,1495594.546425222
2021-05-04,1495045.689305856
2021-05-05,1494803.2773023592
2021-05-06,1494728.9542972345
2021-05-07,1494501.7506363043
2021-05-10,1494492.1916633456
2021-05-11,1494397.4155560734
2021-05-12,1494195.0827269647
2021-05-13,1493671.9175051302
2021-05-14,1492879.4134175393
2021-05-17,1492879.4134175393
2021-05-18,1492879.4134175393
2021-05-19,1492879.4134175393
2021-05-20,1490818.0167668879
2021-05-21,1488709.7945327936
2021-05-24,1486575.4587548869
2021-05-25,1484332.4944579992
2021-05-26,1482059.7074318964
2021-05-27,1482059.7074318964
2021-05-28,1482059.7074318964
2021-06-01,1482059.7074318964
2021-06-02,1482059.7074318964
2021-06-03,1482059.7074318964
2021-06-04,1482059.7074318964
2021-06-07,1482717.372448157
2021-06-08,1482717.372448157
2021-06-09,1482717.372448157
2021-06-10,1483423.451236009
2021-06-11,1483423.451236009
2021-06-14,1482320.0434065906
2021-06-15,1481118.565639369
2021-06-16,1479832.678311015
2021-06-17,1478583.8498746098
2021-06-18,1477632.9583878038
2021-06-21,1476870.7953185337
2021-06-22,1476155.7211445586
2021-06-23,1475636.2687872434
2021-06-24,1475636.2687872434
2021-06-25,1475636.2687872434
2021-06-28,1474952.3856207768
2021-06-29,1474295.7886080707
2021-06-30,1473656.478434633
2021-07-01,1473102.0308726346
2021-07-02,1472605.0039863293
2021-07-06,1472605.0039863293
2021-07-07,1472578.460305311
2021-07-08,1472578.460305311
2021-07-09,1472578.460305311
2021-07-12,1472578.460305311
2021-07-13,1474992.2841107757
2021-07-14,1477863.6049050482
2021-07-15,1481003.9487769045
2021-07-16,1484394.7996968098
2021-07-19,1487712.2742954025
2021-07-20,1487712.2742954025
2021-07-21,1487712.2742954025
2021-07-22,1490885.2522320715
2021-07-23,1494085.3680758346
2021-07-26,1497476.489014177
2021-07-27,1501183.1844754978
2021-07-28,1504829.5364594779
2021-07-29,1508341.1405108222
2021-07-30,1511673.5572416654
2021-08-02,1514734.828109596
2021-08-03,1517516.264064544
2021-08-04,1520203.4806821425
2021-08-05,1522405.920996011
2021-08-06,1523731.5119478842
2021-08-09,1524133.5519154598
2021-08-10,1523585.603041006
2021-08-11,1522208.7462396715
2021-08-12,1520322.9928394468
2021-08-13,1518444.5739770224
2021-08-16,1516648.2528784054
2021-08-17,1515080.5065051538
2021-08-18,1513692.61125704
2021-08-19,1512388.98366247
2021-08-20,1511065.3707569935
2021-08-23,1509745.129731178
2021-08-24,1508596.1651243912
2021-08-25,1507468.022925695
2021-08-26,1506560.9623698005
2021-08-27,1505692.630286851
2021-08-30,1504875.0696427568
2021-08-31,1503886.4624144617
2021-09-01,1502893.8980290014
2021-09-02,1503624.670727754
2021-09-03,1504076.7428295133
2021-09-07,1504076.7428295133
2021-09-08,1503316.9212929418
2021-09-09,1503316.9212929418
2021-09-10,1503316.9212929418
2021-09-13,1503316.9212929418
2021-09-14,1503316.9212929418
2021-09-15,1504570.366539008
2021-09-16,1505832.6784077778
2021-09-17,1507411.580547224
2021-09-20,1507411.580547224
2021-09-21,1507411.580547224
2021-09-22,1507411.580547224
2021-09-23,1509224.4841075137
2021-09-24,1510796.4164698222
2021-09-27,1512140.4554106926
2021-09-28,1512140.4554106926
2021-09-29,1513444.2303685546
2021-09-30,1515089.3488831723
2021-10-01,1516983.9950405303
2021-10-04,1519041.978241956
2021-10-05,1521262.562325569
2021-10-06,1523446.440017044
2021-10-07,1525451.2471680578
2021-10-08,1527395.07032114
2021-10-11,1529673.6918728042
2021-10-12,1532330.2864899454
2021-10-13,1535354.4867078774
2021-10-14,1538593.4377549987
2021-10-15,1541961.523923137
2021-10-18,1545074.5621771691
2021-10-19,1547764.8828519317
2021-10-20,1550227.9641527561
2021-10-21,1552768.5257708004
2021-10-22,1555344.3206182146
2021-10-25,1558140.1665042427
2021-10-26,1561150.9786706145
2021-10-27,1564411.4958982333
2021-10-28,1567519.5184966438
2021-10-29,1570546.8704957871
2021-11-01,1573348.6429112859
2021-11-02,1576190.2015937043
2021-11-03,1578891.7693037118
2021-11-04,1581748.4858534136
2021-11-05,1584644.473024483
2021-11-08,1587771.5248900428
2021-11-09,1590543.0673709733
2021-11-10,1593006.733100785
2021-11-11,1595098.8668613662
2021-11-12,1595998.2323204426
2021-11-15,1595998.2323204426
2021-11-16,1595044.1655855393
2021-11-17,1594056.9696939087
2021-11-18,1593416.3705773912
2021-11-19,1593225.604811347
2021-11-22,1593225.604811347
2021-11-23,1593303.4956249592
2021-11-24,1593617.2930228284
2021-11-26,1593918.6594669304
2021-11-29,1594401.801371851
2021-11-30,1594888.0054219135
2021-12-01,1595445.88082415
2021-12-02,1595659.2281817645
2021-12-03,1595706.4124510519
2021-12-06,1595192.0321734769
2021-12-07,1594222.7812710842
2021-12-08,1594222.7812710842
2021-12-09,1594222.7812710842
2021-12-10,1594222.7812710842
2021-12-13,1591494.3549493926
2021-12-14,1589022.1452203514
2021-12-15,1588076.6821444435
2021-12-16,1585023.8510572282
2021-12-17,1581721.7107244588
2021-12-20,1579583.986772677
2021-12-21,1583304.029675756
2021-12-22,1587299.1617555805
2021-12-23,1591623.3989801002
2021-12-27,1596377.145660065
2021-12-28,1601476.794088373
2021-12-29,1606907.0726570862
2021-12-30,1612516.0521855406
2021-12-31,1618338.9289969204
2022-01-03,1624189.448630814
2022-01-04,1630111.9758639475
2022-01-05,1636009.6375882428
2022-01-06,1642125.7904919018
2022-01-07,1648211.3719707583
2022-01-10,1654279.5927432792
2022-01-11,1660255.432475823
2022-01-12,1666177.6276566696
2022-01-13,1671825.5060863765
2022-01-14,1671825.5060863765
2022-01-18,1671825.5060863765
2022-01-19,1671825.5060863765
2022-01-20,1671825.5060863765
2022-01-21,1667462.3589729888
2022-01-24,1667462.3589729888
2022-01-25,1667462.3589729888
2022-01-26,1667462.3589729888
2022-01-27,1663706.1956571427
2022-01-28,1661742.956650034
2022-01-31,1660870.3868745507
2022-02-01,1660870.3868745507
2022-02-02,1660870.3868745507
2022-02-03,1660870.3868745507
2022-02-04,1660870.3868745507
2022-02-07,1660870.3868745507
2022-02-08,1660870.3868745507
2022-02-09,1661431.4248077606
2022-02-10,1662325.5414890214
2022-02-11,1662325.5414890214
2022-02-14,1662955.9582551375
2022-02-15,1663866.7758861154
2022-02-16,1665571.730881277
2022-02-17,1666850.4151453455
2022-02-18,1667828.1794590608
2022-02-22,1669018.1960682105
2022-02-23,1670021.4256931772
2022-02-24,1671088.2299519219
2022-02-25,1671088.2299519219
2022-02-28,1671088.2299519219
2022-03-01,1671088.2299519219
2022-03-02,1669889.819185335
2022-03-03,1669569.9586440693
2022-03-04,1669711.7287764815
2022-03-07,1669711.7287764815
2022-03-08,1669766.0101470384
2022-03-09,1669759.654416349
2022-03-10,1669759.654416349
2022-03-11,1669759.654416349
2022-03-14,1669370.769227419
2022-03-15,1668543.9167058072
2022-03-16,1668543.9167058072
2022-03-17,1668543.9167058072
2022-03-18,1668543.9167058072
2022-03-21,1669098.7373556062
2022-03-22,1670747.32031764
2022-03-23,1671659.2090375514
2022-03-24,1671849.686465957
2022-03-25,1671720.5314874765
2022-03-28,1671851.8496016192
2022-03-29,1672743.6615008102
2022-03-30,1674630.7387118146
2022-03-31,1677470.1467866094
2022-04-01,1680909.9122496177
2022-04-04,1684524.0223334292
2022-04-05,1687589.846017566
2022-04-06,1690123.503663311
2022-04-07,1691679.7629394482
2022-04-08,1692154.7118074826
2022-04-11,1692327.167861391
2022-04-12,1692327.167861391
2022-04-13,1692327.167861391
2022-04-14,1692327.167861391
2022-04-18,1692062.6057636393
2022-04-19,1692062.6057636393
2022-04-20,1692062.6057636393
2022-04-21,1692062.6057636393
2022-04-22,1690174.3018429193
2022-04-25,1687780.2476866555
2022-04-26,1685985.170142728
2022-04-27,1685075.5561901317
2022-04-28,1685027.5672103346
2022-04-29,1686164.6179651096
2022-05-02,1688387.380840607
2022-05-03,1691290.6367966598
2022-05-04,1694553.4072635819
2022-05-05,1697792.6730495917
2022-05-06,1700944.2889764544
2022-05-09,1703497.9959279192
2022-05-10,1705417.8737450163
2022-05-11,1706569.1669580932
2022-05-12,1706569.1669580932
2022-05-13,1706569.1669580932
2022-05-16,1706424.5332503382
2022-05-17,1706306.6813829741
2022-05-18,1706026.2583534122
2022-05-19,1705762.0927594218
2022-05-20,1705581.175319189
2022-05-23,1705581.175319189
2022-05-24,1705935.235450747
2022-05-25,1706302.1600377841
2022-05-26,1705515.3445654975
2022-05-27,1704660.137629204
2022-05-31,1703951.631401691
2022-06-01,1703522.0991981167
2022-06-02,1703115.2914564551
2022-06-03,1702578.0614046995
2022-06-06,1701945.0036801945
2022-06-07,1701548.2315817552
2022-06-08,1701293.084188324
2022-06-09,1701183.8898309493
2022-06-10,1701052.7397310557
2022-06-13,1700869.154724378
2022-06-14,1700869.154724378
2022-06-15,1700869.154724378
2022-06-16,1701452.860036145
2022-06-17,1702855.6374256124
2022-06-21,1705030.1615012563
2022-06-22,1707746.9952297788
2022-06-23,1710696.0552007332
2022-06-24,1713734.2898884807
2022-06-27,1716699.973894463
2022-06-28,1719459.6632848287
2022-06-29,1722349.7314578074
2022-06-30,1725582.916286428
2022-07-01,1729000.53515927
2022-07-05,1732438.5038822596
2022-07-06,1735756.1022243793
2022-07-07,1738856.883163139
2022-07-08,1742364.8911052013
2022-07-11,1746041.4946609458
2022-07-12,1750049.443978743
2022-07-13,1754258.6024741216
2022-07-14,1758667.4492803437
2022-07-15,1762958.0181996361
2022-07-18,1767767.081905739
2022-07-19,1772778.7018030775
2022-07-20,1777735.682373977
2022-07-21,1782181.071056068
2022-07-22,1784521.9564944406
2022-07-25,1784521.9564944406
2022-07-26,1784521.9564944406
2022-07-27,1782522.1151381894
2022-07-28,1780952.8789565202
2022-07-29,1779806.514717301
2022-08-01,1779361.1451562447
2022-08-02,1779567.7886725042
2022-08-03,1780445.3659697769
2022-08-04,1781869.0171656422
2022-08-05,1783871.3812745134
2022-08-08,1786356.3902185897
2022-08-09,1788934.952890591
2022-08-10,1791675.341681285
2022-08-11,1794114.725222524
2022-08-12,1796312.0343042945
2022-08-15,1798283.2238080332
2022-08-16,1800527.258425165
2022-08-17,1802953.0796991694
2022-08-18,1805612.9113618815
2022-08-19,1808177.8563965338
2022-08-22,1810581.1866937436
2022-08-23,1812946.760207712
2022-08-24,1815325.947202651
2022-08-25,1817844.5879518224
2022-08-26,1820448.0698356675
2022-08-29,1823118.1591102153
2022-08-30,1825636.041723836
2022-08-31,1827804.913696861
2022-09-01,1829612.8413541296
2022-09-02,1831172.2452221655
2022-09-06,1832234.3096206987
2022-09-07,1833099.694231235
2022-09-08,1834152.3450884316
2022-09-09,1835386.6492097357
2022-09-12,1836822.0818129831
2022-09-13,1838843.7910499612
2022-09-14,1840878.9190482148
2022-09-15,1842681.528387717
2022-09-16,1844059.9128622478
2022-09-19,1845330.4842651843
2022-09-20,1846254.9603548087
2022-09-21,1847098.1070786747
2022-09-22,1847284.9874802507
2022-09-23,1847284.9874802507
2022-09-26,1847284.9874802507
2022-09-27,1847284.9874802507
2022-09-28,1847284.9874802507
2022-09-29,1847284.9874802507
2022-09-30,1847284.9874802507
2022-10-03,1847284.9874802507
2022-10-04,1847284.9874802507
2022-10-05,1841500.606787394
2022-10-06,1836428.9849518726
2022-10-07,1831095.065990218
2022-10-10,1828536.3450030568
2022-10-11,1837811.9163235119
2022-10-12,1848937.866550849
2022-10-13,1861269.6383788076
2022-10-14,1874060.6565695342
2022-10-17,1887154.5738133844
2022-10-18,1900346.0944741913
2022-10-19,1913421.2892871117
2022-10-20,1926842.6730569855
2022-10-21,1940269.5610989202
2022-10-24,1953430.7870430378
2022-10-25,1965929.8119823893
2022-10-26,1977471.5129793836
2022-10-27,1987650.937561593
2022-10-28,1996583.0115071144
2022-10-31,2004801.440781598
2022-11-01,2012478.920572585
2022-11-02,2020307.1487989689
2022-11-03,2028304.341490586
2022-11-04,2028304.341490586
2022-11-07,2031137.4651031888
2022-11-08,2031137.4651031888
2022-11-09,2031137.4651031888
2022-11-10,2031137.4651031888
2022-11-11,2028918.6292012816
2022-11-14,2027785.6078762822
2022-11-15,2026824.8028056263
2022-11-16,2026707.643647947
2022-11-17,2027025.0093991286
2022-11-18,2027748.7480219726
2022-11-21,2028992.9852390462
2022-11-22,2030347.6607642956
2022-11-23,2031749.278021351
2022-11-25,2032831.2860414323
2022-11-28,2033593.354675571
2022-11-29,2034127.7220449145
2022-11-30,2034670.0192429102
2022-12-01,2035205.2267690077
2022-12-02,2036435.719916526
2022-12-05,2038476.911418979
2022-12-06,2040740.2389389642
2022-12-07,2043111.0730262406
2022-12-08,2045602.1462669794
2022-12-09,2045602.1462669794
2022-12-12,2047435.1165695095
2022-12-13,2047435.1165695095
2022-12-14,2046894.0075418234
2022-12-15,2045165.4055612984
2022-12-16,2045165.4055612984
2022-12-19,2045165.4055612984
2022-12-20,2045165.4055612984
2022-12-21,2044059.1211599717
2022-12-22,2042670.4614016777
2022-12-23,2041321.6064358235
2022-12-27,2039988.8365125712
2022-12-28,2038665.1945142045
2022-12-29,2037549.8875435279
2022-12-30,2036770.5345590662
2023-01-03,2036643.638476827
2023-01-04,2037727.5182513432
2023-01-05,2039869.8402940645
2023-01-06,2042315.8606884573
2023-01-09,2044979.4899998
2023-01-10,2047211.2037773097
2023-01-11,2048451.634036114
2023-01-12,2049011.0421599806
2023-01-13,2049323.2743268583
2023-01-17,2049229.2941693256
2023-01-18,2049629.2244714345
2023-01-19,2050634.5226431575
2023-01-20,2052000.0843710394
2023-01-23,2053836.7351325485
2023-01-24,2056200.254371456
2023-01-25,2058812.3347371856
2023-01-26,2062241.9446453846
2023-01-27,2066837.8414569276
2023-01-30,2072596.6293840688
2023-01-31,2072596.6293840688
2023-02-01,2072596.6293840688
2023-02-02,2067857.5642303692
2023-02-03,2060336.4510767786
2023-02-06,2060336.4510767786
2023-02-07,2053232.2185590735
2023-02-08,2046667.23255308
2023-02-09,2040070.835918141
2023-02-10,2033423.4694673482
2023-02-13,2027148.2439700447
2023-02-14,2021079.4786257127
2023-02-15,2014874.6680440924
2023-02-16,2008887.4329663978
2023-02-17,2003020.4360537967
2023-02-21,1996806.5084346165
2023-02-22,1990631.184881524
2023-02-23,1985024.2111278244
2023-02-24,1978943.0757677597
2023-02-27,1973294.0303302868
2023-02-28,1968691.8654300119
2023-03-01,1965001.4020094103
2023-03-02,1961934.4385266842
2023-03-03,1959466.4697993435
2023-03-06,1957710.4999495856
2023-03-07,1957710.4999495856
2023-03-08,1957710.4999495856
2023-03-09,1957710.4999495856
2023-03-10,1957953.1180841571
2023-03-13,1957953.1180841571
2023-03-14,1959854.813604773
2023-03-15,1962528.5441242922
2023-03-16,1963833.6113105253
2023-03-17,1965601.4103380647
2023-03-20,1966206.7907209513
2023-03-21,1966206.7907209513
2023-03-22,1964273.117854801
2023-03-23,1964273.117854801
2023-03-24,1964273.117854801
2023-03-27,1964273.117854801
2023-03-28,1964273.117854801
2023-03-29,1964273.117854801
2023-03-30,1964273.117854801
2023-03-31,1963587.1158736832
2023-04-03,1962724.701355879
2023-04-04,1962082.0342018139
2023-04-05,1960835.710429477
2023-04-06,1960585.5698192606
2023-04-10,1960085.1228172407
2023-04-11,1957752.6761785157
2023-04-12,1957152.8445588078
2023-04-13,1956999.5186403454
2023-04-14,1956844.2189842097
2023-04-17,1956913.3259468696
2023-04-18,1956913.3259468696
2023-04-19,1955202.789081778
2023-04-20,1954336.4170269284
2023-04-21,1952693.592483679
2023-04-24,1949796.8019858121
2023-04-25,1947950.2762504332
2023-04-26,1944907.7809541095
2023-04-27,1941681.1161609855
2023-04-28,1938371.5041667782
2023-05-01,1934845.2982168724
2023-05-02,1931282.7711769948
2023-05-03,1927628.1025446726
2023-05-04,1923977.3969450847
2023-05-05,1927222.5261732305
2023-05-08,1925637.7199691597
2023-05-09,1924062.554421724
2023-05-10,1922170.7482381093
2023-05-11,1920783.7038432122
2023-05-12,1920578.5410893634
2023-05-15,1920578.5410893634
2023-05-16,1920578.5410893634
2023-05-17,1920578.5410893634
2023-05-18,1920578.5410893634
2023-05-19,1920578.5410893634
2023-05-22,1920578.5410893634
2023-05-23,1920578.5410893634
2023-05-24,1922054.498170017
2023-05-25,1924615.9995266686
2023-05-26,1926915.997555192
2023-05-30,1929453.7677156376
2023-05-31,1932208.347529018
2023-06-01,1934882.7051924816
2023-06-02,1937192.5831816872
2023-06-05,1939405.7965254406
2023-06-06,1939405.7965254406
2023-06-07,1938003.0609911124
2023-06-08,1938003.0609911124
2023-06-09,1937217.3653681297
2023-06-12,1937217.3653681297
2023-06-13,1937217.3653681297
2023-06-14,1937217.3653681297
2023-06-15,1937217.3653681297
2023-06-16,1937217.3653681297
2023-06-20,1939940.9364720327
2023-06-21,1939940.9364720327
2023-06-22,1942156.2948870116
2023-06-23,1944027.4680209502
2023-06-26,1945754.0037371041
2023-06-27,1947385.979979173
2023-06-28,1949573.6051041475
2023-06-29,1952017.3235248302
2023-06-30,1954812.7025597594
2023-07-03,1957905.3186329962
2023-07-05,1961523.471873798
2023-07-06,1964807.1454711587
2023-07-07,1967296.5665426662
2023-07-10,1969034.9095213008
2023-07-11,1969903.3501588954
2023-07-12,1969903.3501588954
2023-07-13,1969070.8368478683
2023-07-14,1969070.8368478683
2023-07-17,1969070.8368478683
2023-07-18,1969070.8368478683
2023-07-19,1971848.584959327
2023-07-20,1975147.3873059484
2023-07-21,1978747.5715917104
2023-07-24,1978747.5715917104
2023-07-25,1978747.5715917104
2023-07-26,1978747.5715917104
2023-07-27,1978747.5715917104
2023-07-28,1978747.5715917104
2023-07-31,1974640.729532488
2023-08-01,1970476.4396842793
2023-08-02,1966447.441816926
2023-08-03,1964941.946384079
2023-08-04,1967440.0149433166
2023-08-07,1968775.4896750452
2023-08-08,1969082.947563934
2023-08-09,1968386.2106327687
2023-08-10,1967145.1760949318
2023-08-11,1965820.749608354
2023-08-14,1965508.8364140904
2023-08-15,1965385.0455649893
2023-08-16,1965739.5734714488
2023-08-17,1966322.094683265
2023-08-18,1966795.8020634076
2023-08-21,1967209.4522709504
2023-08-22,1967811.0647626189
2023-08-23,1968739.6281848906
2023-08-24,1970145.695999785
2023-08-25,1972301.3997417514
2023-08-28,1974661.36857382
2023-08-29,1977136.103795922
2023-08-30,1979804.4658449502
2023-08-31,1982876.8451022138
2023-09-01,1986435.4202161392
2023-09-05,1990516.4849371146
2023-09-06,1995144.0660147304
2023-09-07,2000074.6795958618
2023-09-08,2005105.2724267181
2023-09-11,2009633.0168633428
2023-09-12,2013693.0676152324
2023-09-13,2017134.0256185029
2023-09-14,2019989.1641866385
2023-09-15,2022408.222949251
2023-09-18,2024657.898438213
2023-09-19,2027464.009174676
2023-09-20,2030743.3043256146
2023-09-21,2034031.7876035513
2023-09-22,2037158.0638176028
2023-09-25,2040274.5034838526
2023-09-26,2042533.5377611683
2023-09-27,2044293.8397684847
2023-09-28,2046047.3872965814
2023-09-29,2047767.9642351337
2023-10-02,2049255.5206114284
2023-10-03,2050318.2696210544
2023-10-04,2050606.9914715998
2023-10-05,2050148.5168225386
2023-10-06,2049092.7960622683
2023-10-09,2047619.9644977408
2023-10-10,2046345.2064325954
2023-10-11,2045506.3455829902
2023-10-12,2044773.4754527065
2023-10-13,2043942.086360364
2023-10-16,2042303.680091251
2023-10-17,2044424.1080029914
2023-10-18,2048000.791774705
2023-10-19,2052818.90219212
2023-10-20,2058599.9874255215
2023-10-23,2064787.708054391
2023-10-24,2071488.9204096734
2023-10-25,2078214.927690212
2023-10-26,2084935.795427248
2023-10-27,2091505.9359779188
2023-10-30,2097816.154520255
2023-10-31,2103835.2133314605
2023-11-01,2109166.370280362
2023-11-02,2113965.0936825993
2023-11-03,2118497.949794803
2023-11-06,2122597.796228356
2023-11-07,2126375.222455876
2023-11-08,2130427.522494871
2023-11-09,2134784.8476998075
2023-11-10,2139320.564990341
2023-11-13,2144263.6384514715
2023-11-14,2149332.0987212704
2023-11-15,2154476.8571731825
2023-11-16,2159482.8409848404
2023-11-17,2164637.937264838
2023-11-20,2169987.215509936
2023-11-21,2175498.2580000237
2023-11-22,2181363.9556731316
2023-11-24,2187553.8176963488
2023-11-27,2193808.5049003186
2023-11-28,2200283.60780277
2023-11-29,2207088.958185827
2023-11-30,2213912.2070506667
2023-12-01,2220802.744811241
2023-12-04,2227484.9247548655
2023-12-05,2233761.884652107
2023-12-06,2239762.516387198
2023-12-07,2245386.828832252
2023-12-08,2250318.6414443566
2023-12-11,2254910.248584548
2023-12-12,2258823.410689152
2023-12-13,2258823.410689152
2023-12-14,2258823.410689152
2023-12-15,2258823.410689152
2023-12-18,2258823.410689152
2023-12-19,2258823.410689152
2023-12-20,2258823.410689152
2023-12-21,2258823.410689152
2023-12-22,2258983.866112312
2023-12-26,2259642.961216154
2023-12-27,2260035.379161013
2023-12-28,2260839.755366909
2023-12-29,2262262.2256031223
2024-01-02,2263535.558948731
2024-01-03,2264345.3531612107
2024-01-04,2264938.7103994978
2024-01-05,2265134.4234133065
2024-01-08,2265134.4234133065
2024-01-09,2265134.4234133065
2024-01-10,2265134.4234133065
2024-01-11,2265134.4234133065
2024-01-12,2263500.271362018
2024-01-16,2261055.3406076133
2024-01-17,2261055.3406076133
2024-01-18,2261055.3406076133
2024-01-19,2261055.3406076133
2024-01-22,2261055.3406076133
2024-01-23,2261055.3406076133
2024-01-24,2257039.303100112
2024-01-25,2255542.5946686533
2024-01-26,2255542.5946686533
2024-01-29,2255542.5946686533
2024-01-30,2255542.5946686533
2024-01-31,2258585.363524887
2024-02-01,2265907.3986354875
2024-02-02,2272701.8009710023
2024-02-05,2278755.4850431015
2024-02-06,2284703.500138495
2024-02-07,2289495.755151114
2024-02-08,2289495.755151114
2024-02-09,2289495.755151114
2024-02-12,2288648.662483585
2024-02-13,2287831.8187687984
2024-02-14,2287627.51151849
2024-02-15,2287629.17808208
2024-02-16,2287230.5178129612
2024-02-20,2286980.817217604
2024-02-21,2286980.817217604
2024-02-22,2286980.817217604
2024-02-23,2286980.817217604
2024-02-26,2286980.817217604
2024-02-27,2286980.817217604
2024-02-28,2286980.817217604
2024-02-29,2286980.817217604
2024-03-01,2286980.817217604
2024-03-04,2287437.9611030538
2024-03-05,2287437.9611030538
2024-03-06,2289667.136202094
2024-03-07,2292732.9806419723
2024-03-08,2296292.5580534376
2024-03-11,2300228.5273768306
2024-03-12,2304574.402540665
2024-03-13,2308861.9875089778
2024-03-14,2312577.819866014
2024-03-15,2316316.0340040275
2024-03-18,2319563.1106524575
2024-03-19,2319563.1106524575
2024-03-20,2317616.4320286266
2024-03-21,2316408.8340839352
2024-03-22,2315658.8442181936
2024-03-25,2315117.61844165
2024-03-26,2314161.413162227
2024-03-27,2312523.3634031434
2024-03-28,2310165.5212519695
2024-04-01,2307398.8458467727
2024-04-02,2303920.8861255245
2024-04-03,2300833.881515305
2024-04-04,2299485.6634776443
2024-04-05,2300042.2154747904
2024-04-08,2302659.938971943
2024-04-09,2307231.0254645986
2024-04-10,2312805.839489258
2024-04-11,2318263.533073178
2024-04-12,2323625.274924029
2024-04-15,2323625.274924029
2024-04-16,2318508.965870871
2024-04-17,2318508.965870871
2024-04-18,2312560.8898717095
2024-04-19,2306727.4562494876
2024-04-22,2300865.6543587577
2024-04-23,2295078.621196373
2024-04-24,2289311.787715225
2024-04-25,2283404.3951999033
2024-04-26,2277155.923709914
2024-04-29,2270321.9975357843
2024-04-30,2263006.933389692
2024-05-01,2255196.1362996977
2024-05-02,2247249.330640785
2024-05-03,2240530.5385697884
2024-05-06,2235082.806370716
2024-05-07,2239021.1494342396
2024-05-08,2241968.8374986644
2024-05-09,2244261.377694634
2024-05-10,2246708.223725383
2024-05-13,2249011.2431155695
2024-05-14,2250934.648335759
2024-05-15,2252170.601189138
2024-05-16,2252267.027986308
2024-05-17,2251341.8273043856
2024-05-20,2249550.2087567085
2024-05-21,2247178.943844936
2024-05-22,2244394.595514087
2024-05-23,2241238.530860806
2024-05-24,2237888.632819104
2024-05-28,2234062.4781703018
2024-05-29,2229204.419240195
2024-05-30,2223782.0703511327
2024-05-31,2218084.777097957
2024-06-03,2211791.706242512
2024-06-04,2205066.525176614
2024-06-05,2198281.849326193
2024-06-06,2191147.4115599347
2024-06-07,2183529.3174159694
2024-06-10,2175486.925348842
2024-06-11,2167210.604066296
2024-06-12,2158485.807205404
2024-06-13,2167434.4069978907
2024-06-14,2176105.531478985
2024-06-17,2176105.531478985
2024-06-18,2182715.5012013437
2024-06-20,2188332.016215869
2024-06-21,2192786.9624077724
2024-06-24,2196425.0871343375
2024-06-25,2199442.0140145062
2024-06-26,2201995.991793841
2024-06-27,2203748.4890923426
2024-06-28,2204648.205306598
2024-07-01,2205538.8090914027
2024-07-02,2205538.8090914027
2024-07-03,2205538.8090914027
2024-07-05,2205538.8090914027
2024-07-08,2205538.8090914027
2024-07-09,2205967.8769141566
2024-07-10,2205967.8769141566
2024-07-11,2205967.8769141566
2024-07-12,2205904.5351003613
2024-07-15,2205904.5351003613
2024-07-16,2205904.5351003613
2024-07-17,2205904.5351003613
2024-07-18,2205904.5351003613
2024-07-19,2205904.5351003613
2024-07-22,2205904.5351003613
2024-07-23,2206285.8568063406
2024-07-24,2206285.8568063406
2024-07-25,2206285.8568063406
2024-07-26,2206285.8568063406
2024-07-29,2203062.008131732
2024-07-30,2199755.4956683433
2024-07-31,2196722.3336290233
2024-08-01,2196722.3336290233
2024-08-02,2197958.607296417
2024-08-05,2199970.3552415664
2024-08-06,2201515.2762607974
2024-08-07,2201515.2762607974
2024-08-08,2201515.2762607974
2024-08-09,2202132.1358951023
2024-08-12,2202868.460473728
2024-08-13,2204177.8862497434
2024-08-14,2205700.461188742
2024-08-15,2207756.8043089746
2024-08-16,2207756.8043089746
2024-08-19,2210712.1809619563
2024-08-20,2214166.178632892
2024-08-21,2218247.035461463
2024-08-22,2218247.035461463
2024-08-23,2218247.035461463
2024-08-26,2218247.035461463
2024-08-27,2224213.1023030756
2024-08-28,2230299.1661381754
2024-08-29,2230299.1661381754
2024-08-30,2234005.6068576314
2024-09-03,2240139.4085752037
2024-09-04,2246814.9506574525
2024-09-05,2254058.9854244613
2024-09-06,2261970.764952416
2024-09-09,2270848.844013031
2024-09-10,2279918.6193076745
2024-09-11,2288745.4958620183
2024-09-12,2297443.212635032
2024-09-13,2305834.4687103606
2024-09-16,2313688.6608473263
2024-09-17,2321013.097384416
2024-09-18,2327772.310298438
2024-09-19,2333524.558234383
2024-09-20,2338001.5190815157
2024-09-23,2341033.9258610983
2024-09-24,2342630.4920388465
2024-09-25,2343247.3013710473
2024-09-26,2343834.121537104
2024-09-27,2345279.2575933295
2024-09-30,2347678.8367322944
2024-10-01,2350881.3267048355
2024-10-02,2354643.65020513
2024-10-03,2358120.0399366296
2024-10-04,2360902.7637153906
2024-10-07,2363681.486932067
2024-10-08,2366688.5595577788
2024-10-09,2370454.60759331
2024-10-10,2376242.5939103286
2024-10-11,2383588.439907567
2024-10-14,2392072.9025132055
2024-10-15,2401352.4460396864
2024-10-16,2410939.407587742
2024-10-17,2420062.945812526
2024-10-18,2428826.6131207203
2024-10-21,2437480.131890677
2024-10-22,2446494.770531275
2024-10-23,2456255.9677904397
2024-10-24,2466542.583114419
2024-10-25,2476878.9496264304
2024-10-28,2486795.3989539426
2024-10-29,2496104.557115816
2024-10-30,2504848.7399382195
2024-10-31,2512634.3826982677
2024-11-01,2520461.189034068
2024-11-04,2528759.7668882683
2024-11-05,2537038.215285326
2024-11-06,2544860.2449813513
2024-11-07,2551598.9801598988
2024-11-08,2555909.8504336393
2024-11-11,2557766.5338177728
2024-11-12,2557656.5863726973
2024-11-13,2555994.9590861145
2024-11-14,2554018.7156198393
2024-11-15,2552326.950759613
2024-11-18,2550700.8894341183
2024-11-19,2549043.3789751674
2024-11-20,2546893.037882886
2024-11-21,2543728.4616779895
2024-11-22,2539841.6176690655
2024-11-25,2535368.273574614
2024-11-26,2530047.581656724
2024-11-27,2524194.8776952308
2024-11-29,2518015.3859416265
2024-12-02,2511913.036861566
2024-12-03,2505902.283416557
2024-12-04,2500316.1025386937
2024-12-05,2494730.331465455
2024-12-06,2489060.779007919
2024-12-09,2483723.68571189
2024-12-10,2478893.4372467473
2024-12-11,2474890.816977272
2024-12-12,2472056.783461887
2024-12-13,2470613.082614555
2024-12-16,2469784.7280841004
2024-12-17,2469599.862447251
2024-12-18,2470429.7794363457
2024-12-19,2472042.510825718
2024-12-20,2474028.2742002774
2024-12-23,2475358.882825249
2024-12-24,2475617.718682516
2024-12-26,2474292.52692233
2024-12-27,2471969.964244612
2024-12-30,2468682.293531904
2024-12-31,2465781.382551508
2025-01-02,2463296.883782718
2025-01-03,2461083.93518246
2025-01-06,2458500.5840987107
2025-01-07,2459743.2979488513
2025-01-08,2461337.7883611755
2025-01-10,2463404.675536833
2025-01-13,2464317.978150503
2025-01-14,2468102.458797224
2025-01-15,2471245.5347616062
2025-01-16,2476512.1331818714
2025-01-17,2482387.5734034916
2025-01-21,2488716.758471152
2025-01-22,2495820.4742689603
2025-01-23,2504001.5528922253
2025-01-24,2512581.8802983672
2025-01-27,2521747.12018858
2025-01-28,2532481.082453064
2025-01-29,2543978.259683376
2025-01-30,2556565.7381683704
2025-01-31,2570111.8527800683
2025-02-03,2584344.234817764
2025-02-04,2597711.2527881884
2025-02-05,2599775.070460628
2025-02-06,2605751.6636093506
2025-02-07,2607413.419787519
2025-02-10,2607413.419787519
2025-02-11,2607413.419787519
2025-02-12,2611680.6897069234
2025-02-13,2614150.6818138002
2025-02-14,2616834.2682273877
2025-02-18,2627562.070727936
2025-02-19,2640619.6975007867
2025-02-20,2653793.4615033586
2025-02-21,2653793.4615033586
2025-02-24,2648963.34808701
2025-02-25,2652830.349592227
2025-02-26,2661532.504161209
2025-02-27,2665566.5352758532
2025-02-28,2666451.0459145685
2025-03-03,2667265.821964745
2025-03-04,2667213.386873267
2025-03-05,2666853.152035032
2025-03-06,2667435.706937808
2025-03-07,2668542.9885548195
2025-03-10,2671462.8405653886
2025-03-11,2674974.7409325857
2025-03-12,2677831.6545716845
2025-03-13,2678282.127800181
2025-03-14,2678327.4872772964
2025-03-17,2677922.14879715
2025-03-18,2676500.755238626
2025-03-19,2674852.64366818
2025-03-20,2673801.1486131037
2025-03-21,2673368.084978468
2025-03-24,2672941.35973671
2025-03-25,2672941.35973671
2025-03-26,2672941.35973671
2025-03-27,2674629.2149355775
2025-03-28,2677810.315722334
2025-03-31,2683828.4483480966
2025-04-01,2691935.9586760537
2025-04-02,2701837.224644954
2025-04-03,2713583.3856100515
2025-04-04,2727320.5883720475
2025-04-07,2740766.1113689933
2025-04-08,2755288.9726158804
2025-04-09,2770264.422334156
2025-04-10,2785288.3929317174
2025-04-11,2799343.957742122
2025-04-14,2813384.859644004
2025-04-15,2826817.5945810233
2025-04-16,2840045.6821068227
2025-04-17,2853243.4728371645
2025-04-21,2867002.766280897
2025-04-22,2880608.9664245234
2025-04-23,2893304.9620581847
2025-04-24,2905023.9095396698
2025-04-25,2915338.5743105863
2025-04-28,2923862.5530495616
2025-04-29,2931334.3972790125
2025-04-30,2936402.9598149224
2025-05-01,2939226.178661341
2025-05-02,2940168.1352848266
2025-05-05,2939680.516737615
2025-05-06,2937923.02726825
2025-05-07,2936765.440270044
2025-05-08,2935280.068334174
2025-05-09,2938400.114771021
2025-05-12,2944189.5578614874
2025-05-13,2953020.9429454086
2025-05-14,2964894.327083392
2025-05-15,2979280.119537447
2025-05-16,2994297.963702002
2025-05-19,2998632.0012490028
2025-05-20,2998632.0012490028
2025-05-21,2982756.699841075
2025-05-22,2967547.313236336
2025-05-23,2952634.3174834815
2025-05-27,2938167.529232944
2025-05-28,2924229.399915156
2025-05-29,2910612.1731510884
2025-05-30,2897244.828248536
2025-06-02,2884697.232025131
2025-06-03,2872724.751778377
2025-06-04,2860990.3700098703
2025-06-05,2849543.2174187927
2025-06-06,2838195.3390218923
2025-06-09,2827313.122153183
2025-06-10,2818245.5735241096
2025-06-11,2811535.3128170595
2025-06-12,2807385.9275696445
2025-06-13,2805333.914797156
2025-06-16,2805880.282908903
2025-06-17,2807789.5657067993
2025-06-18,2810134.261141909
2025-06-20,2812940.029504417
2025-06-23,2816600.376996527
2025-06-24,2819932.112921413
2025-06-25,2823946.0084239244
2025-06-26,2828898.9740632614
2025-06-27,2834173.4066066695
2025-06-30,2839935.3958000788
2025-07-01,2845915.8402367895
2025-07-02,2847012.5014930167
2025-07-03,2847012.5014930167
2025-07-07,2842723.7963143764
2025-07-08,2840774.3541125306
2025-07-09,2839383.867620002
2025-07-10,2838456.9430866246
2025-07-11,2843020.5361584174
2025-07-14,2847048.5532053364
2025-07-15,2850988.373834941
2025-07-16,2854933.646491901
2025-07-17,2858884.378720875
2025-07-18,2862840.578076962
2025-07-21,2866802.2521257163
2025-07-22,2870769.4084431618
2025-07-23,2874588.4534703176
2025-07-24,2878242.7375979996
2025-07-25,2882214.479258684
2025-07-28,2883529.9666981497
2025-07-29,2884869.59863687
2025-07-30,2888861.757023362
