date,prediction,actual
2018-03-05,0.04726916,0.011188900101393713
2018-03-06,0.05007728,-0.019391203300664635
2018-03-07,0.0401244,-0.053345968429896654
2018-03-08,0.042985488,-0.054571065821306344
2018-03-09,0.030394908,-0.0918306874640399
2018-03-12,0.021185584,-0.09448014712302985
2018-03-13,0.012694636,-0.10381494349790141
2018-03-14,0.013073046,-0.097547999450444
2018-03-15,0.013073046,-0.08281442800464361
2018-03-16,0.0006146042,-0.0764861064351738
2018-03-19,0.013008071,-0.07282675480177059
2018-03-20,0.008252369,-0.08531360707702136
2018-03-21,0.016386554,-0.07070520154988642
2018-03-22,0.015076196,-0.0578777750814609
2018-03-23,0.0073878085,-0.06767100743907543
2018-03-26,0.01713471,-0.05503626891767909
2018-03-27,0.02467929,-0.05752384487372125
2018-03-28,0.033253364,-0.08528946629749472
2018-03-29,0.025600696,-0.12092005953115212
2018-04-02,0.027934657,-0.07611665433501213
2018-04-03,0.027430713,-0.08561374219441394
2018-04-04,0.029475968,-0.12655298829476597
2018-04-05,0.029475968,-0.14576014628966769
2018-04-06,0.028709019,-0.1289921329299568
2018-04-09,0.03355959,-0.10449059825894651
2018-04-10,0.0347003,-0.11160917672027082
2018-04-11,0.03355959,-0.128816983133317
2018-04-12,0.036432628,-0.13623724447754984
2018-04-13,0.032782216,-0.14377496898776024
2018-04-16,0.040881388,-0.15273924898668545
2018-04-17,0.040826533,-0.15096215775415997
2018-04-18,0.03852199,-0.12483720096087422
2018-04-19,0.0396627,-0.10968075667601083
2018-04-20,0.04254449,-0.11762891836963313
2018-04-23,0.04025848,-0.1362824500348737
2018-04-24,0.04140378,-0.11144986984252972
2018-04-25,0.039155364,-0.14272886651596933
2018-04-26,0.0401201,-0.14914314798626427
2018-04-27,0.03765463,-0.12998404585003046
2018-04-30,0.03932428,-0.09154877023631362
2018-05-01,0.035849847,-0.10098416737381671
2018-05-02,0.032248035,-0.04204822216915757
2018-05-03,0.013794898,0.02539817533481834
2018-05-04,-0.0354356,0.08588267764235434
2018-05-07,-0.0063144336,0.09179137178678454
2018-05-08,-0.007816514,0.07564866780956327
2018-05-09,-0.0024507465,0.09797376867312531
2018-05-10,-0.007818494,0.10236344420623043
2018-05-11,-0.0028861281,0.13336238234697342
2018-05-14,-0.004215913,0.12857373772359304
2018-05-15,-0.0029903871,0.11516726596090153
2018-05-16,-0.009731735,0.10007896605674291
2018-05-17,-0.012011948,0.06985786367523147
2018-05-18,-0.012655923,0.06916232795827575
2018-05-21,-0.019673806,0.06638331970199171
2018-05-22,-0.008393979,0.08694592823473672
2018-05-23,-0.0034100965,0.06734280201953652
2018-05-24,-0.0142656015,0.08711478879838172
2018-05-25,-0.00110501,0.10476539419963823
2018-05-29,-0.015849153,0.08698504517896385
2018-05-30,-0.01823078,0.08784481014731352
2018-05-31,-0.01861887,0.07564866780956327
2018-06-01,-0.000526934,0.09233199701000663
2018-06-04,0.00044450734,0.08616773394903013
2018-06-05,0.0011086076,0.09683658751040557
2018-06-06,0.0033715488,0.08983224057057718
2018-06-07,-0.0042887526,0.08015945818609127
2018-06-08,-0.011596267,0.05422572408772646
2018-06-11,-0.0070018843,0.0747600752091094
2018-06-12,-0.010963087,0.05077229708487986
2018-06-13,-0.012098372,0.07701700298246617
2018-06-14,-0.015317937,0.07712913761649132
2018-06-15,-0.017909033,0.07712913761649132
2018-06-18,-0.019331686,0.07357318630810916
2018-06-19,-0.024483774,0.07970074151746713
2018-06-20,-0.026194636,0.08701140679588942
2018-06-21,-0.029280549,0.08676368658067209
2018-06-22,-0.02690741,0.09379619010170297
2018-06-25,-0.018178761,0.09682651067130285
2018-06-26,0.002354622,0.09626953025794399
2018-06-27,0.030220736,0.10626916634608773
2018-06-28,0.044337112,0.10265415406008337
2018-06-29,0.04413595,0.13599421860546493
2018-07-02,0.033178173,0.08982189880722835
2018-07-03,0.07815823,0.07781703788955809
2018-07-05,0.07583014,0.08287155196270074
2018-07-06,0.07534958,0.09017540850130068
2018-07-09,0.07609236,0.0832695320704381
2018-07-10,0.07776502,0.10164463590610337
2018-07-11,0.0783222,0.10323959861098131
2018-07-12,0.07589167,0.09440971275961797
2018-07-13,0.07372843,0.09085016728280958
2018-07-16,0.074492656,0.1062004737186342
2018-07-17,0.07542537,0.11372874032834263
2018-07-18,0.077414684,0.10924726549305176
2018-07-19,0.0763899,0.11732696266618287
2018-07-20,0.07529113,0.14592016888436726
2018-07-23,0.07434202,0.14907752546275685
2018-07-24,0.074440956,0.16938235116694317
2018-07-25,0.07464611,0.13025465601509817
2018-07-26,0.07192131,0.12838115625045118
2018-07-27,0.07297855,0.10099131416457698
2018-07-30,0.06611739,0.09555649093066336
2018-07-31,0.066941135,0.0727825927721778
2018-08-01,0.029382618,0.08488383682821599
2018-08-02,0.05387433,0.07219630457347323
2018-08-03,0.046364594,0.03459666076658194
2018-08-06,0.046026282,0.027920582882982714
2018-08-07,0.03250281,0.025446678871546308
2018-08-08,0.030456722,0.016613826435851825
2018-08-09,0.026172511,-0.0012730619565657771
2018-08-10,0.022548303,0.025414303328464487
2018-08-13,0.02697629,0.02646657318816327
2018-08-14,0.028260294,0.005025161391590241
2018-08-15,0.029604623,0.004987566511039398
2018-08-16,0.027410543,0.013622514150124105
2018-08-17,0.026903417,-0.028778964550043324
2018-08-20,0.022649199,-0.07064441133179994
2018-08-21,0.019939708,-0.05035389730632893
2018-08-22,0.031174785,-0.06961281418090562
2018-08-23,0.027731579,-0.048386997737505835
2018-08-24,0.0044949516,-0.06416193441536601
2018-08-27,-0.0029798048,-0.06322914515796785
2018-08-28,-0.015858434,-0.08269170646204957
2018-08-29,-0.0062220846,-0.06276662200426883
2018-08-30,0.0012913028,-0.0969901835886552
2018-08-31,-0.07654974,-0.11079349147467142
2018-09-04,-0.03946504,-0.09553913459176207
2018-09-05,-0.05060112,-0.11658637082052511
2018-09-06,-0.048582543,-0.13164518329329242
2018-09-07,-0.047321826,-0.11549906054855297
2018-09-10,-0.03733329,-0.12456273539686433
2018-09-11,-0.05087158,-0.16225541045688444
2018-09-12,-0.04560275,-0.179207259664596
2018-09-13,-0.047888037,-0.18315664034543275
2018-09-14,-0.050239533,-0.17754233733237054
2018-09-17,-0.039609924,-0.18026945266782382
2018-09-18,-0.026902452,-0.1722459048052129
2018-09-19,-0.02277648,-0.16734799737805026
2018-09-20,-0.025207413,-0.18149613577197699
2018-09-21,-0.05724461,-0.18273920139787825
2018-09-24,-0.046957705,-0.16262071630205524
2018-09-25,-0.054560475,-0.14663866594845884
2018-09-26,-0.043820538,-0.11535000357317303
2018-09-27,-0.035369016,-0.0940842399512953
2018-09-28,-0.042610493,-0.1274224379914729
2018-10-01,-0.034565873,-0.04562103071948788
2018-10-02,-0.033425063,-0.04544358926615477
2018-10-03,-0.028295785,0.07026118499608812
2018-10-04,-0.041401517,0.10818426291753783
2018-10-05,-0.039465062,0.16362941136869374
2018-10-08,-0.037538968,0.1968031346998014
2018-10-09,-0.032170553,0.23948000004566833
2018-10-10,-0.021048313,0.2816480726958104
2018-10-11,-0.008983786,0.2916204419807878
2018-10-12,-0.0050601354,0.3043245012718218
2018-10-15,-0.006162403,0.29168761632228535
2018-10-16,-0.029146407,0.23496791686972868
2018-10-17,-0.012247747,0.22757814838207546
2018-10-18,-0.0040587513,0.19931038238042467
2018-10-19,-0.020964632,0.17035282751974432
2018-10-22,0.004113145,0.1464182504216357
2018-10-23,0.0016387171,0.11792037171573425
2018-10-24,0.010752572,0.1454884446584972
2018-10-25,0.013134768,0.12909346351858306
2018-10-26,0.016185299,0.11912257553958493
2018-10-29,0.014428882,0.15532232621602637
2018-10-30,0.043021522,0.09637852077379477
2018-10-31,0.114047356,0.1257215250049006
2018-11-01,0.107145965,0.015426627259198623
2018-11-02,0.09270131,-0.07520407653818094
2018-11-05,0.093091525,-0.10338310820046016
2018-11-06,0.07651548,-0.1509886222049759
2018-11-07,0.08836894,-0.16024316145554168
2018-11-08,0.061372157,-0.15935851163132253
2018-11-09,0.058347166,-0.15212200058865297
2018-11-12,0.04435464,-0.15957886232329999
2018-11-13,0.046552524,-0.16794107311953685
2018-11-14,0.04624332,-0.15053282726803377
2018-11-15,0.05211022,-0.13569083550789754
2018-11-16,0.04814824,-0.1270022782588433
2018-11-19,0.054285873,-0.10492266465307655
2018-11-20,0.06464263,-0.10846076056736102
2018-11-21,0.0630664,-0.09830080995948973
2018-11-23,-0.00035964983,-0.11617015026145955
2018-11-26,-0.031893905,-0.09831041776569902
2018-11-27,-0.031370107,-0.06502161058897972
2018-11-28,-0.0419534,-0.0899116286688744
2018-11-29,-0.048280828,-0.07876893805358351
2018-11-30,-0.0541359,-0.0969504685621375
2018-12-03,-0.049814977,-0.07815507209878765
2018-12-04,-0.0337082,0.020453988788245142
2018-12-06,-0.0290221,0.022410677084578917
2018-12-07,-0.024020327,0.026683215058594112
2018-12-10,-0.001160806,0.01147024769279358
2018-12-11,0.00062374445,-0.008888933713271402
2018-12-12,-0.0019019232,-0.014071138691624293
2018-12-13,0.0046990174,-0.0033660621786756324
2018-12-14,0.014707836,0.0073425775192595385
2018-12-17,0.022673454,0.07148902696409436
2018-12-18,0.027255518,0.07402542665731011
2018-12-19,0.037988093,0.11418597202845139
2018-12-20,0.03715881,0.06521885176556298
2018-12-21,0.046088252,0.13026285411824573
2018-12-24,0.04780194,0.08459894153115197
2018-12-26,0.054336064,0.07763526669018422
2018-12-27,0.07101026,0.06603341386675109
2018-12-28,0.07372968,0.028456660656107868
2018-12-31,0.097324155,0.06928212673537841
2019-01-02,0.09643551,0.044215358439991366
2019-01-03,0.08376528,0.09552205341601289
2019-01-04,0.105037384,0.045306307589708834
2019-01-07,0.1048995,0.01601339708855373
2019-01-08,0.10960854,0.016282585409861362
2019-01-09,0.11728801,0.04683491011848177
2019-01-10,0.10121391,0.058610009318883334
2019-01-11,0.09878933,0.07822189819895721
2019-01-14,0.08596312,0.09202509442199792
2019-01-15,0.07898673,0.08171122670296382
2019-01-16,0.08040337,0.09674161377896195
2019-01-17,0.08097618,0.08651519736525791
2019-01-18,0.083406925,0.0914498326607364
2019-01-22,0.0944895,0.09094878195390783
2019-01-23,0.088350005,0.15332318405538092
2019-01-24,0.05256549,0.12622519200727103
2019-01-25,0.037479144,0.1561675576441163
2019-01-28,0.037814908,0.14094555721949953
2019-01-29,0.017144468,0.11238967017784797
2019-01-30,0.018229147,0.13710137722294938
2019-01-31,0.012512035,0.12516313104640886
2019-02-01,0.010402298,0.14688961397709063
2019-02-04,-0.0028969022,0.11448191405261664
2019-02-05,-0.001959953,0.11308895283103794
2019-02-06,0.007236968,0.11412649327175503
2019-02-07,0.017357348,0.10807554943456107
2019-02-08,0.0011816286,0.09672775314843605
2019-02-11,0.011778848,0.09502395048829759
2019-02-12,0.013979977,0.0718180153262259
2019-02-13,0.011389918,0.07834063606159167
2019-02-14,0.0108373165,0.11080162514209334
2019-02-15,0.001652143,0.08937129772004263
2019-02-19,0.0023544056,0.05479833570131973
2019-02-20,0.002748436,0.07109593392363252
2019-02-21,-0.013708423,0.02339011195582647
2019-02-22,-0.015059613,0.025223196718467993
2019-02-25,-0.017306248,0.030656420216149265
2019-02-26,-0.007846279,0.08434827165912101
2019-02-27,-0.001970469,0.11658991358559004
2019-02-28,0.01012727,0.13938569381068913
2019-03-01,0.0034120441,0.11560097633280475
2019-03-04,0.008059199,0.08444797278667537
2019-03-05,0.009721642,0.07794973656638254
2019-03-06,0.072599344,0.07964293480383182
2019-03-07,0.065142654,0.0902627118542873
2019-03-08,0.0648919,0.09130591960227763
2019-03-11,0.06311498,0.07961517469235248
2019-03-12,0.058799524,0.07402224390155747
2019-03-13,0.054695126,0.07930845217580142
2019-03-14,0.05354596,0.11370937108867185
2019-03-15,0.054195415,0.1287362440664414
2019-03-18,0.052048344,0.12262915804771693
2019-03-19,0.04805609,0.10248321973263572
2019-03-20,0.05050005,0.10514905566960356
2019-03-21,0.056756046,0.08581366960032487
2019-03-22,0.05995217,0.1447037102859375
2019-03-25,0.053489108,0.1192170239493025
2019-03-26,0.045195553,0.11483382653535057
2019-03-27,0.041237377,0.09551215940507206
2019-03-28,0.039336864,0.08405860092076081
2019-03-29,0.03504775,0.07934767711385934
2019-04-01,0.035179377,0.07319830749403122
2019-04-02,0.030457621,0.08170806094715277
2019-04-03,0.026701678,0.08343406886659561
2019-04-04,0.029571805,0.05783672609720054
2019-04-05,0.024897307,0.03993660858665463
2019-04-08,0.0018578379,0.027037464281057147
2019-04-09,0.011721285,0.05131559500903708
2019-04-10,-0.017836884,0.04958615243083446
2019-04-11,-0.027556738,0.028672685634587466
2019-04-12,-0.028406356,-0.0025917941634073026
2019-04-15,-0.02320734,-0.02354507775152011
2019-04-16,-0.026256934,-0.05522507452709638
2019-04-17,-0.029079176,-0.040088032636496684
2019-04-18,-0.01591226,-0.004430854478299187
2019-04-22,-0.022175813,-0.003967855242490444
2019-04-23,-0.0359752,-0.06269974113969322
2019-04-24,-0.03453043,-0.04991053940821053
2019-04-25,-0.03424973,-0.036514375314480874
2019-04-26,-0.041273512,-0.06622867078527014
2019-04-29,-0.029320335,-0.07012306078293266
2019-04-30,-0.03747012,-0.08748389686002697
2019-05-01,-0.03367762,-0.08535115818566866
2019-05-02,-0.0348163,-0.06026271557921378
2019-05-03,-0.03851986,-0.029992352209601326
2019-05-06,-0.020936476,-0.008484794538499011
2019-05-07,-0.027709631,0.02139305078550803
2019-05-08,-0.019322634,0.049944383918881556
2019-05-09,-0.018233206,0.042119707349697166
2019-05-10,-0.017024403,0.019241629053450664
2019-05-13,0.019924657,0.030701980782421104
2019-05-14,0.023488574,0.060142025480082954
2019-05-15,0.01883087,0.03485422546841158
2019-05-16,0.030804917,0.0557168702737618
2019-05-17,0.028875098,0.06999594830440208
2019-05-20,0.02369458,0.040768939429747006
2019-05-21,0.0427788,0.03325701999834262
2019-05-22,0.05223975,0.05305397234263391
2019-05-23,0.038400404,0.046731990348882396
2019-05-24,0.058467485,0.023314674796576024
2019-05-28,0.04905462,0.05356438607547886
2019-05-29,0.056965087,0.06722509280257703
2019-05-30,0.06774044,0.10388950332651578
2019-05-31,0.0615061,0.09436588205623195
2019-06-03,0.042740192,0.08100503872476945
2019-06-04,0.0052480306,0.01733431800927881
2019-06-05,0.027918857,0.027736754971599616
2019-06-06,0.025598362,0.027728596511434053
2019-06-07,0.032623943,0.024349739466122313
2019-06-10,0.04337328,0.03879709790023625
2019-06-11,0.04051169,0.042124394149840004
2019-06-12,0.042798053,0.0665031462013713
2019-06-13,0.040558122,0.03185752287084692
2019-06-14,0.043851122,0.04602006985530953
2019-06-17,0.01834333,0.033984367540139525
2019-06-18,0.01879723,0.039916607807853416
2019-06-19,0.01843223,0.050474441723803096
2019-06-20,0.02490993,0.03427532663748248
2019-06-21,0.036300357,0.07055618470136842
2019-06-24,0.03937197,0.07902504601813706
2019-06-25,0.05603034,0.06067386623624578
2019-06-26,0.05616862,0.06293897611915593
2019-06-27,0.047226716,0.014232965607567425
2019-06-28,0.046433676,0.02364546911878498
2019-07-01,0.045147803,-0.012782259497992018
2019-07-02,0.026418224,0.018338283792457562
2019-07-03,0.014806008,-0.06379661596653008
2019-07-05,-0.03875559,-0.05671927656871662
2019-07-08,-0.036330074,-0.10181511888010213
2019-07-09,-0.0301942,-0.09855809952196208
2019-07-10,-0.022836467,-0.10686976556500523
2019-07-11,-0.022656456,-0.1202274192544922
2019-07-12,-0.028843628,-0.13936343926774172
2019-07-15,-0.030787364,-0.11868667898655126
2019-07-16,-0.027979681,-0.10913780117237033
2019-07-17,-0.03791487,-0.0816113538861407
2019-07-18,-0.036780454,-0.053109825825056564
2019-07-19,-0.03245914,-0.07421914023996401
2019-07-22,-0.036356363,-0.06299792676484352
2019-07-23,-0.04018427,-0.07258616794279962
2019-07-24,-0.04307124,-0.09915573877094348
2019-07-25,-0.044619754,-0.08380679909994261
2019-07-26,-0.0471737,-0.09047490638386887
2019-07-29,-0.04894833,-0.08906605958790484
2019-07-30,-0.04796051,-0.08422329633576084
2019-07-31,-0.031608958,-0.026920086570070275
2019-08-01,-0.028628184,-0.06742853796496732
2019-08-02,-0.017558228,0.02230734646333339
2019-08-05,-0.003579746,0.036137054089838284
2019-08-06,0.02227034,0.09551488857978334
2019-08-07,0.020597983,0.05480231188219074
2019-08-08,0.019272855,0.04812667857247557
2019-08-09,0.025471438,0.09831093224356313
2019-08-12,0.040416315,0.13710705473262716
2019-08-13,0.054131743,0.14496105605976534
2019-08-14,0.028592955,0.10835715345660124
2019-08-15,0.04019832,0.0994168107784506
2019-08-16,0.03304559,0.06709585797324993
2019-08-19,0.042622793,0.06389277159439487
2019-08-20,0.03176085,0.04189201279557188
2019-08-21,0.032171063,0.020918221898708476
2019-08-22,0.037049063,0.03435611266942775
2019-08-23,0.04724821,0.00430570097007345
2019-08-26,0.044269152,0.029091428193634295
2019-08-27,0.058235183,0.014815075133382016
2019-08-28,0.050952327,-0.03167590393958253
2019-08-29,0.03990269,-0.02827553009977229
2019-08-30,0.032263894,-0.04557438908688551
2019-09-03,0.025064437,-0.06829297785649514
2019-09-04,-0.05392825,-0.07898841131863027
2019-09-05,-0.035186566,-0.07567130722429845
2019-09-06,-0.025959618,-0.06403976211495271
2019-09-09,-0.02660439,-0.04611770221568963
2019-09-10,-0.02894466,-0.054855408499315646
2019-09-11,-0.026551392,-0.07487863255194754
2019-09-12,-0.027910605,-0.07727382640913531
2019-09-13,-0.031867675,-0.053030139315927906
2019-09-16,-0.030939322,-0.06940194836990793
2019-09-17,-0.03134787,-0.0703731889611667
2019-09-18,-0.029887192,-0.059495680984130814
2019-09-19,-0.016827041,-0.03845864535211356
2019-09-20,-0.014620245,-0.016868594702165875
2019-09-23,-0.015513756,-0.020989064046340364
2019-09-24,-0.013628703,0.015771842527727113
2019-09-25,-0.019613639,-0.012594344625045478
2019-09-26,-0.015516915,0.040683577498621455
2019-09-27,-0.008512418,0.07601259689101604
2019-09-30,-0.010239582,0.06850423703310807
2019-10-01,0.025613222,0.027381110824978613
2019-10-02,0.040659916,0.12485129776348937
2019-10-03,0.050207287,0.11481363814029093
2019-10-04,0.050725654,0.09891902040189943
2019-10-07,0.05193036,0.11237275416914322
2019-10-08,0.053108096,0.10028352068576324
2019-10-09,0.06052043,0.08391951276035634
2019-10-10,0.061786346,0.07412343274384797
2019-10-11,0.06098991,0.0697045553937967
2019-10-14,0.043092594,0.06021197057270657
2019-10-15,0.036743008,0.07477816287906226
2019-10-16,0.038163513,0.06785370295669667
2019-10-17,0.04518351,0.054721161288700554
2019-10-18,0.03834233,0.057427147889009225
2019-10-21,0.03557821,0.05200197774833154
2019-10-22,0.038461376,0.04262974398301708
2019-10-23,0.039492972,0.027118902617963857
2019-10-24,0.043402895,0.023295542044311217
2019-10-25,0.035355557,0.028250336240900287
2019-10-28,0.035076883,0.006270379503786141
2019-10-29,0.031839214,-0.007033219715976156
2019-10-30,0.03578285,0.05767309795935138
2019-10-31,0.015575562,-0.017223643108096612
2019-11-01,-0.015284202,-0.03165141380518918
2019-11-04,0.012117419,-0.02077184388196496
2019-11-05,0.018302571,1.3655924193856971e-05
2019-11-06,0.018228792,0.006229739924824894
2019-11-07,0.01769954,0.006674573124912415
2019-11-08,0.026367346,-0.011833309610258188
2019-11-11,0.024017604,-0.009704031772251587
2019-11-12,0.02081929,0.00941820093224945
2019-11-13,0.02911482,0.000855510155345083
2019-11-14,0.02614308,-0.02606500916948832
2019-11-15,0.034395084,0.00043755520246783574
2019-11-18,0.03381105,-0.006107327192271266
2019-11-19,0.034627426,-0.019798007559175473
2019-11-20,0.030357832,0.011665724448190602
2019-11-21,0.029235745,0.03023761849385631
2019-11-22,0.040096015,0.029008788925097034
2019-11-25,0.04393054,0.01227748150444445
2019-11-26,0.04980993,0.004638497802603641
2019-11-27,0.045070376,0.004260937850942321
2019-11-29,0.06035413,0.011504819600921187
2019-12-02,0.05613619,0.020555688003160873
2019-12-03,0.049959745,0.039943866131644065
2019-12-04,0.043146648,0.03226413632933978
2019-12-05,0.043619327,0.010826088203510508
2019-12-06,0.05965498,0.00437812646164108
2019-12-09,0.054414533,0.02494391560207529
2019-12-10,0.047711205,0.03730129731805491
2019-12-11,0.041771885,0.042088599114244084
2019-12-12,0.03633135,0.02920343753365991
2019-12-13,0.031845976,0.04576214329491423
2019-12-16,0.038622156,0.07525282291306995
2019-12-17,0.027141256,0.047265183390425694
2019-12-18,0.025752287,0.061049071212294144
2019-12-19,-0.007132925,0.06491836919892699
2019-12-20,0.005492896,0.07377949814492794
2019-12-23,-0.04255912,0.04753021325537339
2019-12-24,-0.035639297,0.0726328127252521
2019-12-26,-0.03267071,0.07549302404209919
2019-12-27,-0.036828637,0.0673013108028236
2019-12-30,-0.03782818,0.08905088066370179
2019-12-31,-0.03727536,0.0597861076673487
2020-01-02,-0.022969853,0.09281007383056271
2020-01-03,0.06615436,0.08189455080391611
2020-01-06,0.06258182,0.08255860661107764
2020-01-07,0.045916423,0.07710873600175168
2020-01-08,0.023089811,0.07015713986100695
2020-01-09,0.029454185,0.07989111345127498
2020-01-10,0.048534527,0.08758536086271379
2020-01-13,0.02299714,0.06715939795274965
2020-01-14,0.03709022,0.0860128754560377
2020-01-15,0.028834708,0.07202089236146901
2020-01-16,0.010208893,0.05012522494034548
2020-01-17,0.016487103,0.07971982074912534
2020-01-21,0.008739529,0.060913040739484045
2020-01-22,-0.007470458,0.012080186712518308
2020-01-23,-0.011926967,0.0038921372459039616
2020-01-24,-0.0068818238,0.017233624293423636
2020-01-27,-0.019832684,-0.023023412919335545
2020-01-28,-0.011311685,0.042312249148362714
2020-01-29,-0.0034092802,0.036750493722100604
2020-01-30,-0.004431542,0.06402903836335787
2020-01-31,-0.013370206,0.0797227597322979
2020-02-03,-0.017294008,0.07103048450109144
2020-02-04,-0.022490293,0.046276113214045206
2020-02-05,-0.035380516,0.02074310181864672
2020-02-06,-0.037404366,-0.012474928050092374
2020-02-07,-0.038150884,-0.06295220307544619
2020-02-10,-0.037668265,-0.21905954625097393
2020-02-11,-0.039000496,-0.19100035149815087
2020-02-12,-0.042093936,-0.21518723951424795
2020-02-13,-0.043118503,-0.07755822680647118
2020-02-14,-0.04737549,-0.1871599211919961
2020-02-18,-0.054027505,-0.13810989405607224
2020-02-19,-0.054574627,-0.10840325988317688
2020-02-20,-0.045221157,-0.16531890524445936
2020-02-21,-0.012848019,-0.06430397264134208
2020-02-24,-0.013389945,-0.14794788461654473
2020-02-25,-0.025636459,-0.17159327882999695
2020-02-26,-0.027180605,-0.10373768294919686
2020-02-27,-0.0262579,-0.15531846068093305
2020-02-28,-0.02674942,-0.11965495436097241
2020-03-02,-0.027190084,-0.16682687985496833
2020-03-03,-0.049588185,-0.1628156152805608
2020-03-04,-0.040712733,-0.16225982857651727
2020-03-05,-0.14166665,-0.16191816348842306
2020-03-06,-0.084039964,-0.11117825988015685
2020-03-09,-0.11371463,-0.10446275721279837
2020-03-10,-0.07125565,-0.01999282605611609
2020-03-11,-0.05300112,0.13692923097993434
2020-03-12,-0.07278379,0.10197427250782268
2020-03-13,-0.051933765,0.10178269430994238
2020-03-16,-0.046119686,-0.0906196655260323
2020-03-17,-0.02982621,0.03276833154307701
2020-03-18,0.02902191,-0.0014704445537354538
2020-03-19,-0.02057917,-0.10221254826797034
2020-03-20,0.035982057,-0.010973751984163171
2020-03-23,-0.022002507,-0.07954791315947077
2020-03-24,-0.010924139,0.05480824749851619
2020-03-25,-0.0035897105,0.09048956397485874
2020-03-26,-0.00649695,0.04542906803129165
2020-03-27,0.03355845,0.05022412930618159
2020-03-30,0.00030062324,-0.005386371092876184
2020-03-31,0.0042759264,-0.010767548574102715
2020-04-01,0.008154266,-0.05185507358296591
2020-04-02,0.004219445,-0.029131282156857792
2020-04-03,0.013920854,-0.005769863336343811
2020-04-06,0.0011541282,0.022400291313073216
2020-04-07,0.013135247,0.030415089179114157
2020-04-08,0.009987939,-0.02257611650119673
2020-04-09,0.015475697,0.020795104007427394
2020-04-13,0.02146868,-0.025054778345522187
2020-04-14,-0.01066731,-0.016423553366900837
2020-04-15,0.00270695,0.012698583337127343
2020-04-16,0.019326106,0.05924567628660641
2020-04-17,0.017365096,0.07246753109062146
2020-04-20,0.050111435,0.12178751268733018
2020-04-21,0.039954435,0.09050560419358297
2020-04-22,0.0424427,0.12911215477295757
2020-04-23,0.06126187,0.0958782002683335
2020-04-24,0.063915424,0.15055696790376247
2020-04-27,0.06445473,0.12200389768677478
2020-04-28,-0.001827035,0.08845003420718435
2020-04-29,0.030744215,0.12342935974983381
2020-04-30,0.047156513,0.15845458791761854
2020-05-01,0.061019104,0.207064858239865
2020-05-04,0.054444034,0.17044489238486457
2020-05-05,0.15991886,0.2107018261006377
2020-05-06,0.1116089,0.15762933839635102
2020-05-07,0.08058001,0.15646350326352332
2020-05-08,0.08207724,0.17974461484322987
2020-05-11,0.07603768,0.12633108061946902
2020-05-12,0.07744215,0.13518497098040605
2020-05-13,0.07448073,0.10014840023672285
2020-05-14,0.07448073,0.13808950276978887
2020-05-15,0.07448073,0.0977671881258696
2020-05-18,0.07516545,0.04455627441460695
2020-05-19,0.0726185,0.06474686420466422
2020-05-20,0.06870393,0.06097637480109348
2020-05-21,0.062276646,0.055108501137054296
2020-05-22,0.06297857,0.01909578078497019
2020-05-26,0.03308523,-0.04308837511584678
2020-05-27,0.06293133,-0.038634517048302994
2020-05-28,0.054794807,-0.03777179946160039
2020-05-29,0.04958129,-0.011426613759074004
2020-06-01,0.05869623,-0.0018362197678429685
2020-06-02,0.059069812,-0.022761098616157615
2020-06-03,0.027614964,-0.0025561361954158862
2020-06-04,0.0022088941,-0.045723229022484775
2020-06-05,0.0013332777,-0.054103241202732244
2020-06-08,0.006352741,-0.05329374885922868
2020-06-09,-0.0002991083,-0.07044813144309238
2020-06-10,0.04635051,-0.0067120253813064
2020-06-11,0.025086269,0.017654007756834907
2020-06-12,0.04403001,0.1296026832578319
2020-06-15,0.019538216,0.051063489487556235
2020-06-16,0.013960462,0.058181965120263586
2020-06-17,0.0169838,0.0823963558265414
2020-06-18,0.01967301,0.07628016771989127
2020-06-19,0.027332315,0.08201463806592482
2020-06-22,0.02109374,0.06496135602092734
2020-06-23,0.028599622,0.08618795522691423
2020-06-24,0.043471724,0.09499833447791005
2020-06-25,0.042983692,0.08521189739433409
2020-06-26,0.048855167,0.1072422489593387
2020-06-29,0.0519888,0.08338160106798662
2020-06-30,0.03349629,0.060028736653344725
2020-07-01,0.029065104,0.10635123664473717
2020-07-02,0.02749241,0.09704156051378988
2020-07-06,0.090552464,0.09843032552292172
2020-07-07,0.07144098,0.03190718965125783
2020-07-08,0.06356813,0.054018532709319333
2020-07-09,0.05718315,0.09502112464601725
2020-07-10,0.058146644,0.09486028102395998
2020-07-13,0.06257618,0.09736288962121022
2020-07-14,0.06462904,0.03613717171097081
2020-07-15,0.06716346,0.027054299658238835
2020-07-16,0.066346966,0.009175161862398312
2020-07-17,0.06280464,0.02966969548674706
2020-07-20,0.06681392,0.03232364506886802
2020-07-21,0.0651015,0.02675515471183016
2020-07-22,0.06735463,0.0059803595835981474
2020-07-23,0.06623507,0.012909989108775952
2020-07-24,0.06668929,0.020264601261189525
2020-07-27,0.06375593,0.013293238535804344
2020-07-28,0.06455453,0.015061307817100694
2020-07-29,0.06336144,0.003442361432352283
2020-07-30,0.060055275,-0.0046708847946875555
2020-07-31,0.05734547,-0.04632891630881166
2020-08-03,0.061313204,-0.042656645847155825
2020-08-04,0.058809288,-0.035785593801730575
2020-08-05,0.065528564,0.014110503259834541
2020-08-06,0.06439724,-0.020129076560622405
2020-08-07,0.058928076,-0.04879016416943184
2020-08-10,0.034061622,-0.07014776767088227
2020-08-11,0.02569059,-0.06498286593119003
2020-08-12,0.048478626,-0.044897781863075116
2020-08-13,0.054529477,-0.030967400846256536
2020-08-14,0.050708603,-0.007724697371609021
2020-08-17,0.04959487,-0.03759097393880889
2020-08-18,0.050786264,-0.028887607292971993
2020-08-19,0.051222272,-0.04565039385850771
2020-08-20,0.046623975,-0.042034207033837576
2020-08-21,0.04179538,-0.03613255143928626
2020-08-24,0.017942728,-0.04355021378926804
2020-08-25,0.010542747,-0.021881969022836036
2020-08-26,0.011458173,-0.004628447450186979
2020-08-27,0.012347294,0.0024026011317341838
2020-08-28,0.018809834,0.040292254920644116
2020-08-31,0.044339363,0.06624713182146451
2020-09-01,0.021127988,0.03570281886989575
2020-09-02,0.04338561,0.05384880093434239
2020-09-03,0.03633411,0.0741573778574005
2020-09-04,0.03597424,0.12149375439186659
2020-09-08,0.03517838,0.1244046494565832
2020-09-09,0.03339723,0.1272436868911736
2020-09-10,0.04906938,0.1194952309237863
2020-09-11,0.026425267,0.13147974118891465
2020-09-14,0.017409397,0.11745141435466161
2020-09-15,0.012333102,0.09770712961495848
2020-09-16,0.051839843,0.09936773628144248
2020-09-17,0.046853445,0.08277067505895351
2020-09-18,0.06031035,0.09073248522471615
2020-09-21,0.06075887,0.09047636203633908
2020-09-22,0.06102729,0.07084853437835349
2020-09-23,0.07799541,0.08708541459064875
2020-09-24,0.08251474,0.06960066114567086
2020-09-25,0.06937801,0.04868328069872596
2020-09-28,0.056970824,0.01328131231344529
2020-09-29,0.0439696,-0.043549212038577825
2020-09-30,0.047894746,-0.02898282491290157
2020-10-01,0.0682767,-0.009187386327097575
2020-10-02,0.060812652,-0.012212152196112408
2020-10-05,0.043545023,-0.03410497942813807
2020-10-06,0.028887015,-0.0328869426876994
2020-10-07,0.034148928,-0.018791658656929243
2020-10-08,0.054115657,0.0521079806525373
2020-10-09,0.04755399,0.002984357849827681
2020-10-12,0.055326924,0.009691638195463476
2020-10-13,0.051665694,0.014564876369411634
2020-10-14,0.050192684,-0.0018882775380678553
2020-10-15,0.06226159,0.040606857804954016
2020-10-16,0.05681526,0.046441056421052423
2020-10-19,0.05447101,0.08347888047261381
2020-10-20,0.054704726,0.08446069383454295
2020-10-21,0.052687816,0.060029088181094765
2020-10-22,0.052032243,0.06830850312537806
2020-10-23,0.05057842,0.09407508890308848
2020-10-26,0.063654214,0.09137948352779218
2020-10-27,0.06532191,0.1070072193500112
2020-10-28,0.08294659,0.14055230281818612
2020-10-29,0.08032891,0.11678477694745167
2020-10-30,0.084803246,0.08148295145707724
2020-11-02,0.07343185,0.05974872514875971
2020-11-03,0.07576255,0.0389604658297005
2020-11-04,0.06634091,0.02521921154480597
2020-11-05,0.067348056,-0.0015094738504618697
2020-11-06,0.06744028,-0.05695792285531212
2020-11-09,0.06559641,-0.010928748013967033
2020-11-10,0.06079315,-0.045531477473277175
2020-11-11,0.059445933,-0.0024942425246407426
2020-11-12,0.055713147,-0.005991776963169879
2020-11-13,0.05369074,-0.030787643072218047
2020-11-16,0.058142293,-0.04596783355232229
2020-11-17,0.056216422,-0.024368723065556736
2020-11-18,0.05621798,-0.05396009758465485
2020-11-19,0.054409128,-0.010352109711996987
2020-11-20,0.052021027,-0.013533306938350944
2020-11-23,0.053668223,-0.020820974224730678
2020-11-24,0.04268161,-0.007794980228733738
2020-11-25,0.051959593,0.01677663469370499
2020-11-27,0.045737684,0.023825026378928797
2020-11-30,0.050727986,0.01267750160944626
2020-12-01,0.049931105,0.04649865027577844
2020-12-02,0.042441767,0.010443560088117755
2020-12-03,0.04529878,0.062067970635686295
2020-12-04,0.059669793,0.10202055089161484
2020-12-07,0.055998288,0.13130363483590266
2020-12-08,0.030791681,0.08978130699218108
2020-12-09,0.040182784,0.10876595578782594
2020-12-10,0.050349504,0.1405317783005698
2020-12-11,0.036076166,0.08329499549367445
2020-12-14,0.03676791,0.11237296769872349
2020-12-15,0.037396334,0.11301978062647111
2020-12-16,0.056454416,0.11256910710653331
2020-12-17,0.056120187,0.09891438979822732
2020-12-18,0.0524507,0.122724342619553
2020-12-21,0.05162249,0.12022074077073847
2020-12-22,0.054059077,0.13372470920448964
2020-12-23,0.05109283,0.09702817048630417
2020-12-24,0.043025304,0.13818458169195597
2020-12-28,0.03781428,0.10098945218316992
2020-12-29,0.041370418,0.10433182401803696
2020-12-30,0.044113412,0.12700519512697478
2020-12-31,0.04183626,0.12025428343483398
2021-01-04,0.11491753,0.15815215201516494
2021-01-05,0.10942012,0.15866536018178498
2021-01-06,0.10141306,0.11630217470538112
2021-01-07,0.10317702,0.11516187940305139
2021-01-08,0.10854999,0.16966130373926763
2021-01-11,0.09615222,0.1345293984948638
2021-01-12,0.09077299,0.10836426911605483
2021-01-13,0.0914311,0.1188575174882854
2021-01-14,0.08713561,0.0841496630901294
2021-01-15,0.07368917,0.0588966707329228
2021-01-19,0.04798983,0.07033400750530559
2021-01-20,0.053643167,0.05932457092674716
2021-01-21,0.038418088,0.06083922377635287
2021-01-22,0.049984287,0.057572749872393754
2021-01-25,0.048478745,0.04394567641373409
2021-01-26,0.048279274,0.06912204918966443
2021-01-27,0.050375808,0.035683331945678326
2021-01-28,0.06001686,0.0432198895562408
2021-01-29,0.037335463,0.003885574674502858
2021-02-01,0.019435836,-0.023238650264790918
2021-02-02,0.02007037,-0.04445175047113198
2021-02-03,0.015659299,-0.027935513135422044
2021-02-04,0.016868688,-0.04983148611878141
2021-02-05,0.023065992,-0.045840315966310025
2021-02-08,0.019468179,-0.07994539514799041
2021-02-09,0.02419712,-0.09474886067805491
2021-02-10,0.024682533,-0.0744641560452577
2021-02-11,0.045056827,-0.06583242238676076
2021-02-12,0.02706578,-0.08020790030881385
2021-02-16,0.036158964,-0.052489427671342605
2021-02-17,0.048556425,-0.03678367137086961
2021-02-18,0.04720905,-0.03900216441003457
2021-02-19,0.037660893,-0.07464079822361863
2021-02-22,0.016440857,-0.06665729784941496
2021-02-23,0.020699594,-0.09557097592636855
2021-02-24,0.027559148,-0.076030131557641
2021-02-25,0.03284806,-0.06694970047640167
2021-02-26,0.018250655,-0.0990692623797779
2021-03-01,0.012222065,-0.07400602484527707
2021-03-02,0.013472283,-0.06032566148750205
2021-03-03,0.032936674,-0.0323402997189851
2021-03-04,0.035963066,-0.01460886643191002
2021-03-05,-0.02921724,-0.037175019115172264
2021-03-08,-0.035539676,-0.05642724556129343
2021-03-09,-0.03000435,-0.0678203806946802
2021-03-10,-0.026659196,-0.03710649795463478
2021-03-11,-0.027738417,-0.0468626511798416
2021-03-12,-0.0027254436,-0.06474964792111591
2021-03-15,-0.0053869183,-0.06329161167646906
2021-03-16,0.010315602,-0.03441609118267791
2021-03-17,0.036393855,-0.03691559054273179
2021-03-18,0.04663515,-0.04977218724422123
2021-03-19,0.04424247,-0.059563659630514174
2021-03-22,0.037171293,-0.012970730183001983
2021-03-23,0.037716515,-0.01212306241717816
2021-03-24,0.047325995,0.014533668453054436
2021-03-25,0.036899894,-0.031282834751858
2021-03-26,0.045746706,-0.05086989456230679
2021-03-29,0.04395836,-0.02861345296570743
2021-03-30,0.034778908,-0.05668981729739352
2021-03-31,0.038872994,-0.05600908684672384
2021-04-01,0.0311393,-0.07345840507776263
2021-04-05,0.033980154,-0.09021183693989482
2021-04-06,0.04473719,-0.09836927525087709
2021-04-07,0.044040587,-0.07901211199738647
2021-04-08,0.048717707,-0.04311687333608142
2021-04-09,0.038535886,-0.06360604697223643
2021-04-12,0.037516233,-0.061022641947963946
2021-04-13,0.040651485,-0.061093056194309214
2021-04-14,0.032725193,-0.03984140463865687
2021-04-15,0.032878008,-0.024274393087062838
2021-04-16,0.03865414,-0.022865435973308777
2021-04-19,0.0369346,-0.043537546009357074
2021-04-20,0.04677955,-0.02175259798941085
2021-04-21,0.03424291,-0.030026325085261964
2021-04-22,0.043875284,-0.03734143611765512
2021-04-23,0.04419706,-0.050149784384229484
2021-04-26,0.037409417,-0.03608233211108199
2021-04-27,0.050006595,-0.019719343181245165
2021-04-28,0.051805537,-0.03158840580172866
2021-04-29,0.0579936,-0.00921117063136069
2021-04-30,0.05816553,0.009650072718879276
2021-05-03,0.060514763,-0.03814916285763206
2021-05-04,0.055815976,0.002553023780302535
2021-05-05,0.013285661,0.019621350514227934
2021-05-06,0.0143914465,0.01889448366091321
2021-05-07,0.01822994,-0.015920508855823228
2021-05-10,0.029934986,-0.001747372587411115
2021-05-11,0.019660939,-0.011702185754053867
2021-05-12,0.03452342,0.0016270182283824727
2021-05-13,0.027284894,-0.03478990439358861
2021-05-14,0.02285792,-0.06103115956252145
2021-05-17,-0.0017190509,-0.06819775748733158
2021-05-18,0.0052956445,-0.049729850719838944
2021-05-19,0.006234793,-0.07316299063921272
2021-05-20,0.01955458,-0.06808306500725395
2021-05-21,0.019863509,-0.06936081485871293
2021-05-24,0.03312089,-0.07308367640455449
2021-05-25,0.03733824,-0.06851269801216786
2021-05-26,0.023616085,-0.07875589917710496
2021-05-27,0.0072371857,-0.05954896735728595
2021-05-28,-0.00557316,-0.042158642387321366
2021-06-01,0.0025803314,-0.05610586130310841
2021-06-02,0.0052362788,-0.005985228089514662
2021-06-03,-0.003352602,-0.019115743236734366
2021-06-04,-0.0070905415,-0.030889291416945203
2021-06-07,-0.010589345,-0.0392088441620483
2021-06-08,-0.0059564747,-0.01858590471724139
2021-06-09,-0.00882549,-0.02647347666717158
2021-06-10,-0.011137756,-0.028893965187351
2021-06-11,0.004567049,-0.04419606196408976
2021-06-14,0.014075298,-0.04280690986968291
2021-06-15,0.015619312,-0.03526426696860759
2021-06-16,0.02853992,-0.04088545712137335
2021-06-17,0.035638854,-0.02282191003215004
2021-06-18,0.019138554,0.006001137189485285
2021-06-21,0.019314913,-0.010979504217719241
2021-06-22,0.018830007,-0.02735975481001485
2021-06-23,0.012227173,-0.007813811592552247
2021-06-24,0.0052192193,-0.02823867301513415
2021-06-25,0.0062745484,-0.01651057279575097
2021-06-28,0.029570153,-0.010939612126382843
2021-06-29,0.019866211,-0.022788554887398792
2021-06-30,0.01947553,-0.004932004250337192
2021-07-01,0.02214376,-0.013889096705902076
2021-07-02,0.020018237,-0.006801117717273845
2021-07-06,0.003367376,0.0017621069908386193
2021-07-07,0.025837166,0.044353865613892283
2021-07-08,0.0044356836,0.06336268444432167
2021-07-09,0.004127118,0.08718298575893282
2021-07-12,0.009157333,0.12431231334776256
2021-07-13,0.029372444,0.11558360894748741
2021-07-14,0.03495584,0.12122550551845912
2021-07-15,0.015757626,0.10792592649316123
2021-07-16,0.049093526,0.12834325242747582
2021-07-19,0.037744515,0.11064683031188052
2021-07-20,-0.0028698575,0.0741541894379401
2021-07-21,-0.0011887924,0.11098293541979604
2021-07-22,0.012901379,0.13407031688065443
2021-07-23,0.025501134,0.13175911084863476
2021-07-26,0.03151838,0.1414576867107027
2021-07-27,0.040432293,0.12555361297050405
2021-07-28,0.038225405,0.09940562712406224
2021-07-29,0.03749027,0.11021298487599353
2021-07-30,0.027542045,0.10070150648866916
2021-08-02,0.037283313,0.09539809575673099
2021-08-03,0.03214945,0.07834497705723167
2021-08-04,0.048070222,0.0830422507846859
2021-08-05,0.016495243,0.029708163977890476
2021-08-06,0.026621912,-0.0438132088188316
2021-08-09,0.010380521,-0.05631912242139015
2021-08-10,0.02876674,-0.07749683569211734
2021-08-11,0.020536281,-0.0530027701839139
2021-08-12,0.019161806,-0.054074837246325
2021-08-13,0.021928357,-0.0429912756544473
2021-08-16,0.036827635,-0.043184480143021786
2021-08-17,0.042421162,-0.040169511977465974
2021-08-18,0.039212894,-0.023593348986217944
2021-08-19,0.03595137,-0.04036725420203645
2021-08-20,0.034918632,-0.046480461683882354
2021-08-23,0.03856873,-0.04281826834051805
2021-08-24,0.03318492,-0.011998712711990904
2021-08-25,0.035679657,-0.02028762509969348
2021-08-26,0.04091075,-0.0038427626075621026
2021-08-27,0.026896153,-0.04014439461483041
2021-08-30,0.028839236,-0.03447145157072311
2021-08-31,0.022875808,-0.040487872773734786
2021-09-01,0.025294883,-0.02105340919783226
2021-09-02,-0.015084408,-0.010403800995543354
2021-09-03,-0.016487598,0.006252811797186854
2021-09-07,-0.0062514776,0.0552676869010608
2021-09-08,-0.010207016,0.07123039258802505
2021-09-09,-0.005265045,0.061341408359209745
2021-09-10,0.00916103,0.037316085038007915
2021-09-13,-0.0054322165,0.029438309872058213
2021-09-14,0.009834213,0.03789297241629862
2021-09-15,0.016674105,0.06745783591900777
2021-09-16,0.0118573895,0.06264103472065018
2021-09-17,0.016353784,0.08970092526863913
2021-09-20,0.005786248,0.07461481288950618
2021-09-21,0.007903229,0.06941922743497879
2021-09-22,0.0002619791,0.0555045568998299
2021-09-23,0.024492724,0.036425475668050926
2021-09-24,0.024158869,0.04942336674259182
2021-09-27,0.015613469,0.03663307858658129
2021-09-28,0.0027589842,0.048315737253996294
2021-09-29,0.018655833,0.06975357938323384
2021-09-30,0.04167543,0.09262500987208518
2021-10-01,0.034887947,0.0903020448870732
2021-10-04,0.030690925,0.06316067536746714
2021-10-05,0.048297204,0.07461668385234355
2021-10-06,0.048508562,0.06318789592364127
2021-10-07,0.047021996,0.06272477063243635
2021-10-08,0.04275621,0.07987525116997163
2021-10-11,0.045969628,0.11755417746092957
2021-10-12,0.03870585,0.13583460050148016
2021-10-13,0.04016433,0.12241009598003608
2021-10-14,0.039382756,0.09672054939297903
2021-10-15,0.034307532,0.09974767145468581
2021-10-18,0.040801138,0.07500757583280648
2021-10-19,0.044337064,0.06642007902271568
2021-10-20,0.04360225,0.08494900737906375
2021-10-21,0.03962877,0.10858342109369962
2021-10-22,0.042635646,0.1047499751553545
2021-10-25,0.044290084,0.10969092673841878
2021-10-26,0.03916014,0.10010455600393106
2021-10-27,0.043136995,0.12400468537705475
2021-10-28,0.03733607,0.08312587124797785
2021-10-29,0.034954935,0.09089921904743356
2021-11-01,0.025043266,0.07285243419158569
2021-11-02,0.0710024,0.10563226505494205
2021-11-03,0.05691016,0.10098668366320854
2021-11-04,0.047723137,0.10695878955563629
2021-11-05,0.034028795,0.09628912697450191
2021-11-08,0.0203392,0.10846965095860404
2021-11-09,0.021995349,0.048684501727533316
2021-11-10,0.015909031,0.05183450346077923
2021-11-11,0.018918304,0.0480531905349257
2021-11-12,0.010484964,0.022776198478140185
2021-11-15,0.009738154,0.03244374740817859
2021-11-16,-0.0121681485,0.010352839913984155
2021-11-17,-0.021367177,0.016102641131907288
2021-11-18,-0.012229207,0.014361887458975828
2021-11-19,-0.010318685,0.0019134246856033347
2021-11-22,0.007699317,0.010954129483229404
2021-11-23,0.012484093,0.0072570183357475344
2021-11-24,0.024840856,0.0397504564935328
2021-11-26,0.02623214,0.012402076316567886
2021-11-29,0.03501851,0.03041526712120613
2021-11-30,0.036490668,0.01141130678740967
2021-12-01,0.042168867,0.018468320991778493
2021-12-02,0.03956324,-0.014266291354512604
2021-12-03,0.03243298,-0.013636005388935087
2021-12-06,0.028136589,-0.05756550902434672
2021-12-07,0.02391324,-0.05990243439303512
2021-12-08,0.007934389,-0.10956901349314942
2021-12-09,0.009784417,-0.06712631784845621
2021-12-10,0.009255224,-0.07831067180431905
2021-12-13,0.016411807,-0.08795309084876975
2021-12-14,0.016200017,-0.0906577583548713
2021-12-15,0.010103153,-0.10260175419476451
2021-12-16,0.025568947,-0.09606295691035953
2021-12-17,0.027537042,-0.11855893767635134
2021-12-20,0.013522863,-0.14801524420218323
2021-12-21,-0.018086255,-0.14853052619892249
2021-12-22,-0.027259253,-0.1446543524171254
2021-12-23,-0.024796937,-0.14630935825409494
2021-12-27,-0.04326028,-0.18417261545917174
2021-12-28,-0.044981427,-0.19996155382350375
2021-12-29,-0.04541713,-0.19760074260317945
2021-12-30,-0.03217996,-0.1695917006636362
2021-12-31,-0.04544993,-0.17643601935885314
2022-01-03,-0.1625676,-0.1851946697132931
2022-01-04,-0.1508542,-0.20778963703843514
2022-01-05,-0.12251162,-0.19047520216570019
2022-01-06,-0.052691963,-0.19971892926835913
2022-01-07,-0.027372867,-0.16830077090379622
2022-01-10,-0.02893628,-0.1791406273941762
2022-01-11,-0.029627746,-0.190452420431667
2022-01-12,-0.027812377,-0.17914691694453988
2022-01-13,-0.018788615,-0.15538970357091375
2022-01-14,-0.0069897054,-0.14066092554921977
2022-01-18,-0.0052462975,-0.1353650296998157
2022-01-19,-0.004936132,-0.13427108772970864
2022-01-20,0.0028086682,-0.10520706057971077
2022-01-21,0.01938312,-0.11194843941235912
2022-01-24,-0.00848799,-0.15526512594264952
2022-01-25,-0.0004716224,-0.12350539346794175
2022-01-26,0.008285509,-0.08964348611953091
2022-01-27,0.01564881,-0.10261081798830879
2022-01-28,0.011571905,-0.07847463536405389
2022-01-31,0.011292308,-0.12691738885773127
2022-02-01,-0.0034303933,-0.15175756616557579
2022-02-02,-0.0065934137,-0.11755112028374812
2022-02-03,-0.006233814,-0.10176677031354375
2022-02-04,-0.004326706,-0.08900081137433237
2022-02-07,-0.008042586,-0.08479791733942946
2022-02-08,-0.0069914674,-0.0838220188727783
2022-02-09,-0.012452425,-0.09637199333688828
2022-02-10,-0.0113284765,-0.08844370819689366
2022-02-11,-0.007724179,-0.07047829368368783
2022-02-14,-0.010186137,-0.04972720247636301
2022-02-15,-0.012717545,-0.05708422328069549
2022-02-16,-0.019723166,-0.021484713479164627
2022-02-17,-0.021469327,-0.018154300687989056
2022-02-18,-0.01876429,-0.04439172114614988
2022-02-22,-0.023020983,-0.06226322357118069
2022-02-23,-0.019019613,-0.04411443069720572
2022-02-24,-0.016758587,-0.08249356737437001
2022-02-25,0.0030028464,-0.0642361268065986
2022-02-28,0.006329133,0.014383554533876656
2022-03-01,0.0074307043,-0.025688845065121833
2022-03-02,0.029280355,0.003749000229170553
2022-03-03,0.029419499,0.04890594202116826
2022-03-04,0.015736734,0.019435740478939558
2022-03-07,0.008131706,-0.006795884391731978
2022-03-08,0.011591032,-0.016085166690381066
2022-03-09,0.01010122,-0.024207188691041142
2022-03-10,0.008529573,-0.04993015097368293
2022-03-11,0.0069856727,-0.02040699570075232
2022-03-14,0.011990948,-0.025017519417479872
2022-03-15,0.016736077,-0.03340564374476159
2022-03-16,0.007304727,-0.0800427240401487
2022-03-17,0.0055284463,-0.07873252078451021
2022-03-18,-0.007020843,-0.08063823342235904
2022-03-21,-0.014281232,-0.042229446577312764
2022-03-22,-0.019477611,0.009715801596028436
2022-03-23,-0.023377927,0.030435169445537417
2022-03-24,-0.027576217,0.029230425517868072
2022-03-25,-0.028775448,-0.03283876308209888
2022-03-28,-0.029973133,-0.08118080177728107
2022-03-29,-0.043487493,-0.10400292994692303
2022-03-30,-0.07054245,-0.11824116989356656
2022-03-31,-0.068821736,-0.11262204218099305
2022-04-01,-0.06713933,-0.12159489754701586
2022-04-04,-0.058803104,-0.10606184279510981
2022-04-05,-0.045290776,-0.02147856816336913
2022-04-06,-0.039468765,-0.038579362180132096
2022-04-07,-0.032653585,0.03251561909898426
2022-04-08,-0.013714348,0.017574464039153567
2022-04-11,-0.016970346,-0.04051091901905204
2022-04-12,-0.0022386855,0.024908617607916673
2022-04-13,-0.0073607736,0.007951575481594048
2022-04-14,0.006447524,0.003668321571857086
2022-04-18,0.0133792125,-0.01950721638882416
2022-04-19,0.009280971,-0.06456198742288728
2022-04-20,0.005560767,-0.05963924390121161
2022-04-21,0.0098525025,-0.0639788306272564
2022-04-22,0.013984404,-0.0823184063519278
2022-04-25,0.01648146,-0.05861504053076814
2022-04-26,0.0292325,0.023658259091860454
2022-04-27,0.03430721,0.07137531522323481
2022-04-28,0.03166548,0.06378016491058827
2022-04-29,0.0397388,0.09350043742400094
2022-05-02,0.035111766,0.10224482681398113
2022-05-03,0.032125935,0.12398520085018165
2022-05-04,0.088123895,0.12377941352955087
2022-05-05,0.074839145,0.05938386082344062
2022-05-06,0.071219765,0.07968220714850832
2022-05-09,0.06970688,0.013505979848239457
2022-05-10,0.058734126,0.030403765850905706
2022-05-11,0.041432217,0.010794148230626811
2022-05-12,-0.0032748235,-0.02482651855584066
2022-05-13,-0.009484975,-0.012312067393551014
2022-05-16,-0.019602753,-0.00787153886978118
2022-05-17,-0.030353064,0.02648188378198149
2022-05-18,-0.020343387,0.03461450052764936
2022-05-19,-0.02266692,-0.027202119418107688
2022-05-20,-0.017131457,-0.01995606933560503
2022-05-23,0.0062031494,0.04088525990047412
2022-05-24,0.022846108,0.04855571473137797
2022-05-25,0.019244187,0.03648897918025721
2022-05-26,-0.012100433,-0.010041139975519574
2022-05-27,-0.033214923,-0.015529789857367467
2022-05-31,-0.055441197,0.019433494061139357
2022-06-01,-0.050948244,0.0076684692718997595
2022-06-02,-0.054431375,0.03316994593556305
2022-06-03,-0.054385684,0.009117789097942712
2022-06-06,-0.05046157,-0.0014339400519847668
2022-06-07,-0.03793666,-0.015240106641796564
2022-06-08,-0.040029723,-0.013126152739219313
2022-06-09,-0.020206312,0.011728199465281532
2022-06-10,-0.01161589,0.04549292349288693
2022-06-13,-0.010349146,0.03774749766323543
2022-06-14,-0.002749314,0.03594327129320485
2022-06-15,-0.0023107994,0.028252095240852655
2022-06-16,0.014453868,0.04590724302814958
2022-06-17,0.020595597,0.08326453945025539
2022-06-21,0.041428957,0.15087954400727072
2022-06-22,0.040017996,0.1150522569730727
2022-06-23,0.04555951,0.06161435318696879
2022-06-24,0.040160846,0.058194941679620894
2022-06-27,0.034426637,0.07189366107977507
2022-06-28,0.036848277,0.12013351159797774
2022-06-29,0.03957332,0.1333635957062223
2022-06-30,0.035874777,0.11071283618030027
2022-07-01,0.052643217,0.08403617059129428
2022-07-05,0.03724676,0.07385737568888204
2022-07-06,0.08189695,0.10177694536552837
2022-07-07,0.06948531,0.1012204610917895
2022-07-08,0.06784615,0.16846453130684028
2022-07-11,0.070220865,0.10721135136132495
2022-07-12,0.058644302,0.12018899008279085
2022-07-13,0.05977244,0.1292060472999071
2022-07-14,0.059856147,0.12823537670020102
2022-07-15,0.053548414,0.15007584809290625
2022-07-18,0.052803323,0.17925322912162828
2022-07-19,0.048002806,0.1469795456863021
2022-07-20,0.015112883,0.11949709844168525
2022-07-21,0.013471108,0.054341878636939615
2022-07-22,0.010760479,0.04533403484062348
2022-07-25,0.003621919,0.05568521020635267
2022-07-26,-0.0005894841,0.050315351572380054
2022-07-27,-0.013669504,0.04948838825132068
2022-07-28,-0.022136943,-0.005736484409295145
2022-07-29,-0.019739717,-0.01383239315476076
2022-08-01,-0.034612022,-0.04267615603986407
2022-08-02,-0.030259777,-0.04127674128210161
2022-08-03,-0.03176654,-0.044763401710847174
2022-08-04,-0.04111125,-0.0823523065146479
2022-08-05,-0.040769063,-0.0948673293920918
2022-08-08,-0.032720204,-0.1100008952143285
2022-08-09,-0.03144155,-0.05388508849497943
2022-08-10,-0.032789268,-0.0668581162925465
2022-08-11,-0.039579917,-0.039766028855955815
2022-08-12,-0.041334804,-0.06067278958535976
2022-08-15,-0.023405803,-0.07815638647274666
2022-08-16,-0.022143196,-0.09151570528725068
2022-08-17,-0.017399564,-0.09171005659474589
2022-08-18,-0.023673847,-0.07176105505334386
2022-08-19,-0.031353272,-0.04699175870334811
2022-08-22,-0.02922349,-0.05530764580519513
2022-08-23,-0.027668102,-0.0858612835799579
2022-08-24,-0.044365168,-0.093161118943665
2022-08-25,-0.043665614,-0.09053612347064008
2022-08-26,-0.03446977,-0.0581790041693109
2022-08-29,-0.038984563,-0.06394270888606102
2022-08-30,-0.042181764,-0.06445250386872693
2022-08-31,-0.041666523,-0.044891905863987565
2022-09-01,-0.044672787,-0.04081514935414573
2022-09-02,-0.02795164,-0.0239761313353923
2022-09-06,-0.014747472,0.004137803889434421
2022-09-07,-0.0123297945,-0.0375323960351137
2022-09-08,-0.023218088,-0.07037572442874518
2022-09-09,-0.022185432,-0.06549259609111052
2022-09-12,-0.023006128,-0.05125891858126809
2022-09-13,-0.024972951,-0.07550436981148048
2022-09-14,-0.036492016,-0.03905421577687895
2022-09-15,-0.034030993,-0.03849271656301014
2022-09-16,-0.030108068,-0.007697746131002271
2022-09-19,-0.029262802,-0.036502870152763794
2022-09-20,-0.032166723,-0.028497782447653046
2022-09-21,-0.02857445,-0.027978752936078908
2022-09-22,-0.011422207,0.04657040743111904
2022-09-23,0.004337036,0.08925149550390925
2022-09-26,0.009047196,0.10789721844660648
2022-09-27,-0.0011613589,0.1148016889709556
2022-09-28,0.00044118988,0.1384618383289637
2022-09-29,-0.0045436774,0.17101572785476774
2022-09-30,0.0038821902,0.1731303247675374
2022-10-03,0.00015341686,0.14871484360420212
2022-10-04,-0.0043553826,0.1168815752108539
2022-10-05,-0.021565078,0.14807946208780387
2022-10-06,-0.012798433,0.1781477224782406
2022-10-07,-0.0124044,0.30549057316380634
2022-10-10,-0.011599706,0.3179797907235577
2022-10-11,0.06044489,0.3434713277896263
2022-10-12,0.06900492,0.3933884309748259
2022-10-13,0.062451407,0.33208287241838436
2022-10-14,0.065412365,0.35612774830264377
2022-10-17,0.07016087,0.34666037467605226
2022-10-18,0.06499341,0.34428170488464543
2022-10-19,0.069205865,0.36595438213874304
2022-10-20,0.07433391,0.3655603435476345
2022-10-21,0.067332275,0.34462734739759127
2022-10-24,0.06094632,0.3003749014523681
2022-10-25,0.037284758,0.24810781138687352
2022-10-26,0.057543878,0.23404492156085221
2022-10-27,0.05743376,0.18476934838204104
2022-10-28,0.040219247,0.18114903781895705
2022-10-31,0.04357007,0.20599070926417526
2022-11-01,0.04334547,0.17643256074590224
2022-11-02,0.19599192,0.2491192626026132
2022-11-03,0.12144848,0.20190954969188055
2022-11-04,0.0049655386,0.16919392819707058
2022-11-07,0.0129004195,0.08703641870923913
2022-11-08,0.005875597,0.07641888654272457
2022-11-09,0.0033240628,0.036837599444961414
2022-11-10,-0.0052696364,0.041199040778044003
2022-11-11,-0.019508667,0.03801810075264368
2022-11-14,-0.016222512,0.007643323224512233
2022-11-15,-0.030376589,-0.030243099213986414
2022-11-16,-0.014508551,-0.023351670373622707
2022-11-17,-0.029367121,-0.05621459941753955
2022-11-18,-0.018777372,-0.03124870838179131
2022-11-21,-0.030787295,-0.03734323102317824
2022-11-22,-0.040267933,-0.04375655650212182
2022-11-23,-0.05035012,-0.02902031426559515
2022-11-25,-0.0525535,-0.016768685602450564
2022-11-28,-0.052647576,0.008168681866934655
2022-11-29,-0.04809922,-0.00931563224438253
2022-11-30,-0.05553342,-0.044713897210999956
2022-12-01,-0.04251918,-0.028131441857444678
2022-12-02,-0.032244403,-0.10215870484266729
2022-12-05,-0.031823937,-0.09126416593704599
2022-12-06,-0.031659964,-0.036307606353459365
2022-12-07,-0.03445343,-0.05757609149662986
2022-12-08,-0.02601745,-0.04250716968233047
2022-12-09,0.008564542,-0.05034110070044781
2022-12-12,-0.030790824,-0.06228157543810831
2022-12-13,-0.0061564534,-0.026750445530494514
2022-12-14,0.01154289,-0.013385734612882245
2022-12-15,0.025737526,-0.033366147429643084
2022-12-16,0.00024046988,-0.036172395150630324
2022-12-19,0.009644638,-0.03606206618883821
2022-12-20,0.003388886,-0.029598289775882212
2022-12-21,0.014222266,-0.030285896634373772
2022-12-22,0.028097078,-0.012722304445904314
2022-12-23,0.026177978,-0.031416196233378914
2022-12-27,0.022865688,-0.0342012200883131
2022-12-28,0.03006562,-0.028586303180023434
2022-12-29,0.05409404,-0.00484324537628031
2022-12-30,0.059620332,0.02842317092340035
2023-01-03,0.07696071,0.048631949468845
2023-01-04,0.079759106,0.1144217342407116
2023-01-05,0.08062011,0.1011986476109262
2023-01-06,0.07450262,0.03210103253239411
2023-01-09,0.06879187,0.054701657992153374
2023-01-10,0.065493,-0.004594684889839419
2023-01-11,0.046112563,-0.006928598166935228
2023-01-12,0.052515622,0.017992662821717575
2023-01-13,0.047370646,0.001924434501960788
2023-01-17,0.042588852,0.0051414059437175225
2023-01-18,0.051445566,0.05566042690259714
2023-01-19,0.051311098,0.06690058822801431
2023-01-20,0.046053637,0.06185353655714281
2023-01-23,0.01391358,0.05920753243279558
2023-01-24,0.017603358,0.0690735309579153
2023-01-25,0.01990368,0.08555066198174578
2023-01-26,0.01608165,0.16576964345338624
2023-01-27,0.01950512,0.20254675407053468
2023-01-30,0.015645158,0.19862930241188964
2023-01-31,0.0055407356,0.1874945002764628
2023-02-01,0.0022631015,0.1846647147642203
2023-02-02,-0.010935096,0.1635816576535501
2023-02-03,-0.014506813,0.14991795145564102
2023-02-06,-0.00783627,0.16201792270300353
2023-02-07,-0.020333402,0.1768411226388269
2023-02-08,-0.040888365,0.12198908785372264
2023-02-09,-0.040988762,0.16998248527471801
2023-02-10,-0.039344225,0.1587693555761204
2023-02-13,-0.046774145,0.11892788404176477
2023-02-14,-0.04696552,0.153767506430335
2023-02-15,-0.044185985,0.1410647327681354
2023-02-16,-0.039492834,0.1453498807616422
2023-02-17,-0.03616037,0.1460201352041047
2023-02-21,-0.042109895,0.16436743533994655
2023-02-22,-0.0322148,0.15134780136767997
2023-02-23,-0.030195672,0.14762679812473006
2023-02-24,-0.036062,0.13151457122394744
2023-02-27,-0.034340154,0.09378766616755554
2023-02-28,-0.031863835,0.0467798758648071
2023-03-01,-0.031032454,0.058781216360904026
2023-03-02,-0.031118415,0.056692416665203665
2023-03-03,-0.034081206,0.033440381334483744
2023-03-06,-0.042936303,0.003342845876154842
2023-03-07,0.003344271,0.0029190829704782264
2023-03-08,0.005381204,-0.006020886828279158
2023-03-09,0.0057666353,0.03367609923439374
2023-03-10,0.01867206,0.07804680386478405
2023-03-13,0.0083034,0.07484950141232394
2023-03-14,0.028467752,0.08726527207894905
2023-03-15,0.03153726,0.09222465110737779
2023-03-16,0.01826565,0.05720731217120231
2023-03-17,0.017075015,0.0768991043735432
2023-03-20,0.01000842,0.07271120409715376
2023-03-21,0.0043824916,0.08054731988716232
2023-03-22,-0.016673543,0.0816780310142671
2023-03-23,-0.0052205888,0.07184855101525997
2023-03-24,-0.0076317247,0.049270012332931615
2023-03-27,-0.0023588021,0.022377066062181546
2023-03-28,0.00022447726,0.036221667513298084
2023-03-29,0.004053626,0.03285098791130175
2023-03-30,-0.009530555,0.024896699453858424
2023-03-31,-0.014812974,0.01763243025386929
2023-04-03,-0.018144764,0.003496512209651015
2023-04-04,-0.02033984,0.06408255065664428
2023-04-05,-0.02353934,0.10816664745906088
2023-04-06,-0.010066386,0.05237907137867887
2023-04-10,-0.013604963,0.026640498553731753
2023-04-11,-0.026992017,0.0212242673662544
2023-04-12,-0.0147228455,-0.006300702540413601
2023-04-13,-0.011202137,-0.018952582768523824
2023-04-14,-0.022565858,-0.02339893992844909
2023-04-17,-0.010484009,-0.0450119113042126
2023-04-18,0.0018693195,-0.054148725992554395
2023-04-19,0.028780894,-0.052012707870181044
2023-04-20,0.013076843,-0.0709752328345785
2023-04-21,0.01566473,-0.08654202855217304
2023-04-24,0.029480297,-0.0821924150893064
2023-04-25,0.016710775,-0.08746693322051144
2023-04-26,0.021408528,-0.0511457603210837
2023-04-27,0.031829022,-0.08241094253275039
2023-04-28,0.029251888,-0.09791108696441624
2023-05-01,0.02985029,-0.11085503497546709
2023-05-02,0.039986596,-0.09298879848600572
2023-05-03,0.04517788,-0.06392238298801559
2023-05-04,0.033416122,-0.08279391192700049
2023-05-05,-0.0415564,-0.09610923547266766
2023-05-08,0.011277612,-0.020921780280731703
2023-05-09,0.0124461595,-0.021641459674216736
2023-05-10,0.0145013,-0.01318895053854592
2023-05-11,0.017571935,-0.0035393562914399664
2023-05-12,0.011691408,0.0248064010158054
2023-05-15,-0.0028280553,0.012459386217328913
2023-05-16,0.0032596458,0.033311333725897146
2023-05-17,0.0043247314,0.04739859783615935
2023-05-18,0.0039094053,0.04627520490295718
2023-05-19,0.003234118,0.08779560472090708
2023-05-22,0.009449086,0.057671304285485975
2023-05-23,0.006196789,0.059914892784929105
2023-05-24,0.014260254,0.08340175147827604
2023-05-25,0.0161431,0.06938876517730062
2023-05-26,0.016388318,0.0533839325454993
2023-05-30,0.01789602,0.08816349257298683
2023-05-31,0.022343243,0.0875739366652447
2023-06-01,0.015122234,0.07251333967209385
2023-06-02,0.026849112,0.021817245278889483
2023-06-05,0.019653806,0.04055322603669793
2023-06-06,0.0033271366,0.01798817400918453
2023-06-07,-0.015251458,0.0029482910845164815
2023-06-08,-0.006871015,0.012223941585714097
2023-06-09,-0.010542519,0.018423197633407228
2023-06-12,-0.0064373678,0.022379715861271625
2023-06-13,-0.008064909,0.02501910232934543
2023-06-14,-0.00020470921,0.10648455266295313
2023-06-15,0.0072037512,0.10639396543836777
2023-06-16,0.00923261,0.07856417900800916
2023-06-20,0.018627904,0.06001801032679337
2023-06-21,0.007742691,0.01013622918899282
2023-06-22,0.02326215,0.05538064604217838
2023-06-23,0.031705387,0.06176378207043015
2023-06-26,0.03142277,0.05973211416102526
2023-06-27,0.02206168,0.047671530207292395
2023-06-28,0.018646855,0.08129316749355299
2023-06-29,0.015122199,0.08790516824497915
2023-06-30,0.015217949,0.10640958351427864
2023-07-03,0.0146990605,0.09723365235060051
2023-07-05,0.015317426,0.11415131521687605
2023-07-06,0.012505393,0.03781090739659214
2023-07-07,0.018966269,-0.013854125870915812
2023-07-10,0.019448288,0.010563304888115521
2023-07-11,0.014677916,-0.013409179737917781
2023-07-12,0.007969945,-0.03367931797711873
2023-07-13,0.013769867,-0.030274764552135784
2023-07-14,0.0068135345,-0.03445383485917425
2023-07-17,0.00049821293,-0.09362654665662289
2023-07-18,-0.008514406,-0.09959549498191327
2023-07-19,-0.01432717,-0.11972181249937208
2023-07-20,-0.011826294,-0.0958395992186196
2023-07-21,-0.01060595,-0.07190208039094491
2023-07-24,-0.009500691,-0.1011702540994119
2023-07-25,-0.007358291,-0.08807506214019754
2023-07-26,-0.00056094874,-0.10396538161514966
2023-07-27,-0.0038910764,-0.08820749674529732
2023-07-28,0.0041393507,-0.11381921417009987
2023-07-31,0.017224856,-0.09980172614990467
2023-08-01,0.017409181,-0.09642739675153303
2023-08-02,0.014943748,-0.08791469794391604
2023-08-03,0.01144516,-0.04245754388797061
2023-08-04,-0.01790205,-0.01622845959033741
2023-08-07,-0.021201748,0.04833108697357944
2023-08-08,-0.023679333,0.03422784752289074
2023-08-09,-0.023664016,0.03958664202491541
2023-08-10,-0.013687817,0.02670369948260663
2023-08-11,-0.0150384735,-0.005530926544042961
2023-08-14,-0.011113541,-0.03695481086353773
2023-08-15,-0.016453965,-0.0330592090466857
2023-08-16,-0.014867716,-0.02890326931975606
2023-08-17,-0.017355489,0.005363984052067684
2023-08-18,-0.015446356,0.008325711814719266
2023-08-21,-0.016190078,-0.02930641964507592
2023-08-22,-0.02029863,-0.056935071695442485
2023-08-23,-0.018916901,-0.0704172843685599
2023-08-24,-0.022284482,-0.05521617461591695
2023-08-25,-0.022524878,-0.08667128967560148
2023-08-28,-0.022160143,-0.05489915563375922
2023-08-29,-0.021518273,-0.07110744572121772
2023-08-30,-0.019106766,-0.09450836494141628
2023-08-31,-0.016222272,-0.10577873986022479
2023-09-01,-0.016222266,-0.14736945737750337
2023-09-05,-0.016497528,-0.11985259021339723
2023-09-06,-0.0943168,-0.13869442159056647
2023-09-07,-0.052462246,-0.13113156531844608
2023-09-08,-0.04344491,-0.11675260405089627
2023-09-11,-0.037203465,-0.08309585382923423
2023-09-12,-0.04035667,-0.060399218907782985
2023-09-13,-0.027343173,-0.060815713139559247
2023-09-14,-0.044396237,-0.057797408996199943
2023-09-15,-0.04641648,-0.06228187847307914
2023-09-18,-0.044596467,-0.06179943055969808
2023-09-19,-0.074179,-0.12879753677821326
2023-09-20,-0.0737463,-0.11868298520975372
2023-09-21,-0.07791393,-0.05827556815281371
2023-09-22,-0.06956014,-0.041690721466224864
2023-09-25,-0.073462754,-0.06000261520311071
2023-09-26,-0.05627085,-0.02315330497471682
2023-09-27,-0.047273125,-0.05733349919450604
2023-09-28,-0.05433011,-0.05726402718957396
2023-09-29,-0.048830993,-0.037478362717942915
2023-10-02,-0.049500596,-0.031377857470237296
2023-10-03,-0.049358126,0.028803121980202497
2023-10-04,-0.040057175,0.03711260853299736
2023-10-05,-0.03763099,0.0338354834271567
2023-10-06,-0.038364165,0.03536375401252818
2023-10-09,-0.044216216,0.019578162694325198
2023-10-10,-0.03249813,0.004748991286203667
2023-10-11,-0.040532745,-0.016043576410084602
2023-10-12,-0.037110608,0.020923418080375726
2023-10-13,-0.0270652,0.04744107460013661
2023-10-16,-0.026014136,0.11832793116669348
2023-10-17,0.085224666,0.11391440694222961
2023-10-18,0.08637672,0.16176375159885242
2023-10-19,0.09307052,0.17170086569564663
2023-10-20,0.0952654,0.16333534416914336
2023-10-23,0.09592001,0.1657333150164457
2023-10-24,0.09767075,0.17383494291663587
2023-10-25,0.09714146,0.1621314005435898
2023-10-26,0.0967281,0.1684554712105517
2023-10-27,0.09634961,0.14265578412219942
2023-10-30,0.11555666,0.13218976595890616
2023-10-31,0.1366446,0.1368681543093277
2023-11-01,0.1607227,0.07833541564125772
2023-11-02,0.15020221,0.10374473811296687
2023-11-03,0.09823669,0.10992283663914301
2023-11-06,0.111560784,0.07994411282126296
2023-11-07,0.09300709,0.09795893574926112
2023-11-08,0.076114416,0.10986223835640342
2023-11-09,0.060911242,0.13863240432114687
2023-11-10,0.07621704,0.12977028525555293
2023-11-13,0.07705445,0.12642140041302252
2023-11-14,0.07910349,0.11124618242061936
2023-11-15,0.074516736,0.11734336610342003
2023-11-16,0.06511762,0.12110037359265174
2023-11-17,0.064469285,0.14568624130775246
2023-11-20,0.05672034,0.1474267346890114
2023-11-21,0.059282184,0.12835976829000828
2023-11-22,0.067735195,0.1564906031570159
2023-11-24,0.06427168,0.1564393802438762
2023-11-27,0.06663381,0.1510873383921588
2023-11-28,0.065855,0.1705067124547717
2023-11-29,0.057188828,0.16371157392492663
2023-11-30,0.06094832,0.15613378985591644
2023-12-01,0.05978163,0.161655793032335
2023-12-04,0.026789028,0.12521788648059756
2023-12-05,0.031702857,0.12277057716742253
2023-12-06,0.041095264,0.13080560678363606
2023-12-07,0.04158753,0.1123301499263645
2023-12-08,0.036598094,0.0829808000284403
2023-12-11,0.02833972,0.08621920810307278
2023-12-12,0.03021957,0.046513231351364155
2023-12-13,0.0050438256,0.014598799421152631
2023-12-14,-0.0045634517,-0.01823758754978079
2023-12-15,-0.008008648,-0.00781799319155712
2023-12-18,0.0016105773,-0.0007029877266662111
2023-12-19,0.0058491263,0.004404080886658267
2023-12-20,0.0045282003,-0.015855991021074246
2023-12-21,0.005582906,-0.022595217430675538
2023-12-22,-0.011758274,-0.04207526290530305
2023-12-26,-0.016441286,-0.05920122408445331
2023-12-27,-0.010915508,-0.0433094234781306
2023-12-28,-0.01575917,-0.007634136051682728
2023-12-29,-0.037857316,-0.030074412759727713
2024-01-02,-0.058347423,-0.025495412105172345
2024-01-03,-0.044196,-0.007925704238064463
2024-01-04,-0.049336422,-0.019381239582387185
2024-01-05,-0.010538838,0.003586705459095381
2024-01-08,-0.00861097,0.04370443423472903
2024-01-09,0.0042025317,0.08450144532829104
2024-01-10,-0.0034429817,0.12941914898467063
2024-01-11,-0.007789079,0.09421519961222993
2024-01-12,-0.012114087,0.14398377045783234
2024-01-16,-0.012771775,0.1790553590073335
2024-01-17,0.007085543,0.17805108767050226
2024-01-18,-0.0074992618,0.1624906765206155
2024-01-19,-0.0013287768,0.1369737368154956
2024-01-22,-0.0043717846,0.11946004426675269
2024-01-23,0.001462164,0.14591588264508065
2024-01-24,-0.015583347,0.16865671852288547
2024-01-25,-0.013698809,0.19467085771577186
2024-01-26,-0.008055398,0.19157758585301277
2024-01-29,-0.0056459345,0.20873634112632816
2024-01-30,0.004587048,0.13288764122584878
2024-01-31,0.019765286,0.1628083947304328
2024-02-01,0.024079628,0.13945699924468918
2024-02-02,0.024079628,0.13074435658843145
2024-02-05,0.0253329,0.12501533421824051
2024-02-06,0.029666673,0.11952575565718124
2024-02-07,0.020594567,0.06111985520528639
2024-02-08,0.0041833874,0.01072091999035059
2024-02-09,-0.0069527356,-0.018003162313903358
2024-02-12,-0.014067246,0.00989920996534923
2024-02-13,-0.025584001,0.0004909108698219524
2024-02-14,-0.01949093,-0.0019240665217151276
2024-02-15,-0.017048802,-0.016021256014160927
2024-02-16,-0.026072789,0.02612217078325077
2024-02-20,-0.0115137985,0.054392634765693074
2024-02-21,-0.008801605,0.0773270071028915
2024-02-22,0.0017954705,0.04617254872354248
2024-02-23,0.0015326035,0.02532288922406729
2024-02-26,-0.0007997925,0.012080308550494207
2024-02-27,-0.005447957,0.02421827536427752
2024-02-28,0.0018490588,0.013094775968464086
2024-02-29,0.0032468894,0.036411177345045134
2024-03-01,-0.0027821637,0.021650312889117396
2024-03-04,0.010961281,0.06317947607562786
2024-03-05,0.009885022,0.040713791566197075
2024-03-06,0.048319973,0.10667754889109773
2024-03-07,0.08579596,0.1275267100417049
2024-03-08,0.06720407,0.07503941745840628
2024-03-11,0.049480308,0.10355602838439332
2024-03-12,0.05695231,0.08453111024766366
2024-03-13,0.06425989,0.09946353143685484
2024-03-14,0.06159858,0.06475449386414067
2024-03-15,0.06490406,0.07681250389014081
2024-03-18,0.024138281,0.04989536563580128
2024-03-19,0.0032054642,-0.005604872216056283
2024-03-20,-0.032185707,-0.0010465725706708953
2024-03-21,-0.040329006,-0.014793500763816364
2024-03-22,-0.03868402,0.02749274851089837
2024-03-25,-0.037816178,0.027383277104161424
2024-03-26,-0.027710866,0.03922071315328133
2024-03-27,-0.03321262,0.07265609022703565
2024-03-28,-0.038283434,0.06314645568457125
2024-04-01,-0.033358824,0.07199576230885676
2024-04-02,-0.029156243,0.10480787679324996
2024-04-03,-0.046295606,-0.0026332375396474713
2024-04-04,-0.045353614,-0.11582452686882197
2024-04-05,-0.04807308,-0.14385418941768302
2024-04-08,-0.047552206,-0.15202586956780972
2024-04-09,-0.046330623,-0.10694546585696439
2024-04-10,-0.03174969,-0.1104088924371168
2024-04-11,-0.028700568,-0.10170850097692125
2024-04-12,-0.02527275,-0.13211796482737556
2024-04-15,0.003446954,-0.10998884439360702
2024-04-16,0.013643005,-0.1379107157765088
2024-04-17,0.0051672654,-0.12650237451653337
2024-04-18,0.028522028,-0.10984877970438679
2024-04-19,0.026628733,-0.12137416762081545
2024-04-22,0.028364785,-0.11465813275954864
2024-04-23,0.022177214,-0.1314052451476254
2024-04-24,0.07084277,-0.12588753746832249
2024-04-25,0.05948883,-0.12678065136984779
2024-04-26,0.05771292,-0.1603863717430488
2024-04-29,0.06332189,-0.18081010951799686
2024-04-30,0.07603197,-0.18664489178199112
2024-05-01,0.06325868,-0.18325616102185507
2024-05-02,0.060475692,-0.14484644562740828
2024-05-03,0.038787458,-0.02688862890330223
2024-05-06,0.061970543,-0.0412257415074688
2024-05-07,-0.06038342,-0.06929725575456115
2024-05-08,-0.061178572,-0.07186880251168454
2024-05-09,-0.06689289,-0.07135874527296497
2024-05-10,-0.07277153,-0.043816423879720574
2024-05-13,-0.0702748,-0.02492474168743459
2024-05-14,-0.071817756,-0.026836938844726183
2024-05-15,-0.075571306,0.004665774171481342
2024-05-16,-0.07178837,0.05520856754375854
2024-05-17,-0.07193552,0.06958394314509014
2024-05-20,-0.0725313,0.07132873862384878
2024-05-21,-0.07186564,0.037739542426478756
2024-05-22,-0.06891346,0.05089963047423423
2024-05-23,-0.07332217,0.09699781609523225
2024-05-24,-0.0799252,0.09170022438659971
2024-05-28,-0.079270504,0.12509186852787943
2024-05-29,-0.08238562,0.15394555206035732
2024-05-30,-0.08671333,0.11536814801462895
2024-05-31,-0.0819539,0.12939012802804936
2024-06-03,-0.076968014,0.16049538431975724
2024-06-04,-0.070493355,0.1759516189010012
2024-06-05,-0.07516392,0.1630091554539831
2024-06-06,-0.07307052,0.1575189538999859
2024-06-07,-0.061362524,0.18721496047668418
2024-06-10,-0.066918746,0.2121072651713239
2024-06-11,-0.060799588,0.20623805947807056
2024-06-12,-0.04033307,0.21837544518492566
2024-06-13,0.037877537,0.23750842442967332
2024-06-14,0.04140264,0.15093079284821967
2024-06-17,0.0033080548,0.09957336009692128
2024-06-18,0.039310526,0.07799264325029133
2024-06-20,0.07099496,0.10228923716585563
2024-06-21,0.08128568,0.10315710893048721
2024-06-24,0.06055142,0.05677085449007298
2024-06-25,0.063837424,0.028180759903312386
2024-06-26,0.07947697,0.02490042195307356
2024-06-27,0.08115205,0.01095776287850887
2024-06-28,0.080020726,0.006256774862032485
2024-07-01,0.038464997,0.05569588100466305
2024-07-02,0.003737954,0.07928933089571932
2024-07-03,-0.0067759953,-0.04350734429003269
2024-07-05,-0.0032563107,-0.013109335643884314
2024-07-08,0.0015490759,0.020281866000453404
2024-07-09,0.015649816,0.033608764138425624
2024-07-10,0.0022250307,0.0005809562703337093
2024-07-11,0.0074300244,-0.028401268040995332
2024-07-12,-0.011286186,-0.03549264190792336
2024-07-15,-0.008320266,-0.04201181432043698
2024-07-16,-0.009616929,-0.04334722159399208
2024-07-17,-0.009765784,0.010804832183834597
2024-07-18,-0.0012220474,0.015167240388002708
2024-07-19,0.007822297,0.047748468853325704
2024-07-22,0.0022834872,0.009297182622149324
2024-07-23,0.010261741,0.04448628810370171
2024-07-24,-0.005533793,0.09286812383725933
2024-07-25,-0.008540283,0.09086649842461138
2024-07-26,-0.0058342186,0.05719636522422989
2024-07-29,-0.020349305,0.05488542729479822
2024-07-30,-0.017125648,0.05440140997064681
2024-07-31,-0.01508115,0.0623661224725992
2024-08-01,-0.0009840613,0.027084657039526564
2024-08-02,0.013262178,0.07770330642882023
2024-08-05,0.017256418,0.03226455361044843
2024-08-06,0.01564003,0.001142936703692767
2024-08-07,0.006603628,0.012325247219195258
2024-08-08,0.0050592856,0.03044316121670275
2024-08-09,0.012230776,0.018873541072590823
2024-08-12,0.013559289,0.04580734951706904
2024-08-13,0.012361942,0.06615533036305125
2024-08-14,0.010797032,0.05025533041050029
2024-08-15,0.013737411,0.07697989257677952
2024-08-16,0.00879071,0.07921048869681747
2024-08-19,0.013000006,0.08705727636780408
2024-08-20,0.0114003215,0.12933224399174834
2024-08-21,0.011646473,0.12743655631324635
2024-08-22,0.00717118,0.14683562223481453
2024-08-23,0.00088589615,0.12539026381758867
2024-08-26,-0.0011336693,0.15405114916905313
2024-08-27,0.02501755,0.14367172882683063
2024-08-28,0.017509831,0.13912057761962057
2024-08-29,0.0028234334,0.13589292798663266
2024-08-30,0.010595955,0.10407233348968685
2024-09-03,0.04023168,0.18865541994022944
2024-09-04,0.060824852,0.20225057107635372
2024-09-05,0.08615107,0.20016252057683276
2024-09-06,0.1804843,0.2073627778590426
2024-09-09,0.1715044,0.20780146960403736
2024-09-10,0.16939595,0.20592323486729253
2024-09-11,0.16561213,0.1716438372747755
2024-09-12,0.16374674,0.1823215567939546
2024-09-13,0.15413256,0.17041802705697182
2024-09-16,0.14093037,0.14624973480921155
2024-09-17,0.14180869,0.14579103437164728
2024-09-18,0.13587704,0.10826520087354956
2024-09-19,0.13529424,0.07206065888690533
2024-09-20,0.13366969,0.03226845039856806
2024-09-23,0.13454445,-0.009133326093880715
2024-09-24,0.12751497,-0.00796300504017648
2024-09-25,0.11882153,0.003591660167156024
2024-09-26,0.11194065,0.06884380131189066
2024-09-27,0.10874477,0.1238031865713326
2024-09-30,0.11070495,0.09251257327023812
2024-10-01,0.11941241,0.07727605137656596
2024-10-02,0.12098578,0.0626615277388932
2024-10-03,0.11567344,0.037846015866170424
2024-10-04,0.11995194,0.04971890659017428
2024-10-07,0.12011813,0.09174122171964948
2024-10-08,0.117402636,0.10108202184268515
2024-10-09,0.113357805,0.1424301383597242
2024-10-10,0.10507551,0.2504577137286135
2024-10-11,0.09820449,0.21213151936312136
2024-10-14,0.08985258,0.20878197043332322
2024-10-15,0.08387848,0.18102107902148593
2024-10-16,0.09746722,0.17068713072874045
2024-10-17,0.08854488,0.19843467989777924
2024-10-18,0.07390643,0.1713891440995526
2024-10-21,0.081881054,0.19417779666230922
2024-10-22,0.086277924,0.2148971276346723
2024-10-23,0.08181164,0.24356889339133186
2024-10-24,0.082876936,0.24794826574698015
2024-10-25,0.09295884,0.17206535547236995
2024-10-28,0.098200664,0.14742207218208053
2024-10-29,0.09639932,0.1498543074634119
2024-10-30,0.101151,0.18349292579549736
2024-10-31,0.11179931,0.1492225331204548
2024-11-01,0.10315105,0.17375322716581645
2024-11-04,0.114735655,0.1917979966787223
2024-11-05,0.13941555,0.1451630362027003
2024-11-06,0.12698902,0.1358468141698193
2024-11-07,0.12346374,0.04043356200298169
2024-11-08,0.10313206,-0.06587190635488184
2024-11-11,0.082508415,-0.048964609304850595
2024-11-12,0.09953126,-0.04719029170837808
2024-11-13,0.09571598,-0.015823723875449662
2024-11-14,0.08920253,0.009555596900413481
2024-11-15,0.09064815,-0.038175298331439574
2024-11-18,0.09272316,-0.04263872279725697
2024-11-19,0.06273508,-0.05037422845606341
2024-11-20,0.05547947,-0.06426422325972457
2024-11-21,0.046789397,-0.09017858127727806
2024-11-22,0.038222957,-0.10954689849241346
2024-11-25,0.039295696,-0.10095330759530327
2024-11-26,0.03926503,-0.13470385162899554
2024-11-27,0.04468411,-0.11793692853914145
2024-11-29,0.04468411,-0.12388504500125222
2024-12-02,0.046336185,-0.10338980386511651
2024-12-03,0.039233938,-0.09330905986643771
2024-12-04,0.039483394,-0.09378152048772273
2024-12-05,0.043946963,-0.11914107253208835
2024-12-06,0.039038397,-0.13353139262452257
2024-12-09,0.044083484,-0.07129190552322888
2024-12-10,0.042130098,-0.04344432008831341
2024-12-11,0.042304307,-0.011261380272539014
2024-12-12,0.063158244,-0.0017496486149203455
2024-12-13,0.0633457,0.006745260331746113
2024-12-16,0.06365234,-0.00911065968740593
2024-12-17,0.06432917,0.02166370000427449
2024-12-18,0.076823995,0.09146465509610843
2024-12-19,0.0670429,0.07744057245558458
2024-12-20,0.07831642,0.04436386701881952
2024-12-23,0.06752696,-0.07547508971861479
2024-12-24,0.07417221,-0.08665275881602467
2024-12-26,0.07391673,-0.06850094723336494
2024-12-27,0.075442865,-0.023404446949118772
2024-12-30,0.073107705,-0.053461774866690966
2024-12-31,0.06722374,-0.036751272823048874
2025-01-02,0.065108836,-0.0447792773073246
2025-01-03,0.07160656,-0.041195385926347895
2025-01-06,0.06995176,-0.061232345670115845
2025-01-07,-0.024509877,-0.05244282512246985
2025-01-08,-0.023007216,-0.04858921972989317
2025-01-10,-0.025005031,-0.07360967465981369
2025-01-13,-0.01504072,-0.10488692628306262
2025-01-14,-0.025892293,-0.12939915533961208
2025-01-15,-0.019418323,-0.12400942703067727
2025-01-16,-0.026557017,-0.12588268247977355
2025-01-17,-0.027719954,-0.13393826017582527
2025-01-21,-0.027169771,-0.1491795238488292
2025-01-22,-0.041921478,-0.2055823555310358
2025-01-23,-0.045358755,-0.2298950700789731
2025-01-24,-0.023828061,-0.19037229267533906
2025-01-27,-0.0240116,-0.20243032991231144
2025-01-28,-0.029887596,-0.2608594146512787
2025-01-29,-0.030216865,-0.27641459752699443
2025-01-30,-0.035046026,-0.33191101614002083
2025-01-31,-0.035513625,-0.2780244419020428
2025-02-03,-0.04124225,-0.2622032684383787
2025-02-04,-0.026566986,-0.24622500672813077
2025-02-05,-0.010712258,-0.2610231498136497
2025-02-06,-0.019116731,-0.2685653906802203
2025-02-07,-0.010416037,-0.22806447512840838
2025-02-10,-0.00842825,-0.24770618968261895
2025-02-11,-0.00897299,-0.25178377355287945
2025-02-12,-0.018218279,-0.23492981528461693
2025-02-13,-0.014865655,-0.24283924186330952
2025-02-14,-0.015279451,-0.26028948468380275
2025-02-18,-0.030365292,-0.2607103982066126
2025-02-19,-0.04743529,-0.2686020023471637
2025-02-20,-0.03918509,-0.239781665784454
2025-02-21,0.0036482061,-0.1876733607902364
2025-02-24,0.021580493,-0.14834459623704338
2025-02-25,-0.020305973,-0.18669915285492167
2025-02-26,-0.035469685,-0.08258332683720629
2025-02-27,-0.025446692,-0.027190512404097276
2025-02-28,-0.014068845,0.009458639357504491
2025-03-03,-0.020279555,0.09061192497843137
2025-03-04,-0.015994139,0.002246657301007321
2025-03-05,-0.030208204,-0.06636161484292215
2025-03-06,-0.035530534,-0.11556631104076404
2025-03-07,-0.028842196,-0.03970838176929435
2025-03-10,-0.042533774,-0.0791540107001111
2025-03-11,-0.04323988,-0.05285925067600393
2025-03-12,-0.03367546,-0.004715847612464998
2025-03-13,-0.01959128,0.07265932073587335
2025-03-14,-0.023946479,0.034521320186052064
2025-03-17,-0.017102962,-0.0060983235707236984
2025-03-18,-0.023602476,0.01132909720596923
2025-03-19,-0.030883132,0.01653134118816878
2025-03-20,-0.034244336,0.016992546832621115
2025-03-21,-0.020671768,0.023435711905411917
2025-03-24,-0.02112732,-0.01476744711912005
2025-03-25,-0.008184174,0.026680841302673713
2025-03-26,0.0067362725,0.08063060274172003
2025-03-27,0.028619347,0.099034578895307
2025-03-28,0.036998767,0.13076178441682784
2025-03-31,0.062104665,0.24974423311138863
2025-04-01,0.086737655,0.2200475736090815
2025-04-02,0.08431616,0.24494208081864755
2025-04-03,0.09032506,0.26637228586502987
2025-04-04,0.10193151,0.3094900066417614
2025-04-07,0.09683188,0.2166327263019312
2025-04-08,0.09586939,0.3122711188574213
2025-04-09,0.10231509,0.2790250999352753
2025-04-10,0.10303942,0.26340567744360305
2025-04-11,0.09648425,0.21525512517242917
2025-04-14,0.10531988,0.20898876257336285
2025-04-15,0.123537384,0.25197070394022786
2025-04-16,0.14991452,0.255254278666235
2025-04-17,0.1713978,0.2552898213880828
2025-04-21,0.1804705,0.2590799983674242
2025-04-22,0.15605533,0.18985334192814385
2025-04-23,0.15937915,0.1673725560034374
2025-04-24,0.17188895,0.16599610172532075
2025-04-25,0.17524058,0.13035549824874024
2025-04-28,0.1731752,0.10238210690356536
2025-04-29,0.17634045,0.0977613531612476
2025-04-30,0.17585002,-0.03922071315328133
2025-05-01,0.14912254,-0.02591452913561158
2025-05-02,0.14341724,-0.02988877592051898
2025-05-05,0.1400964,-0.01919912697611264
2025-05-06,0.16176528,-0.010239483448531641
2025-05-07,0.14605108,0.011738056275572636
2025-05-08,0.15442011,-0.05385692518434612
2025-05-09,-0.10015266,-0.21917921640732616
2025-05-12,-0.026639387,-0.24603006948108966
2025-05-13,-0.0820113,-0.2675713597296524
2025-05-14,-0.046135884,-0.24355208344636575
2025-05-15,-0.07167658,-0.26167785307756847
2025-05-16,-0.026218645,-0.26635934282600704
2025-05-19,-0.010791924,-0.27110039318576307
2025-05-20,-0.00077514345,-0.2628046597795041
2025-05-21,0.030710258,-0.2366031008963412
2025-05-22,0.07552795,-0.21290853066769835
2025-05-23,0.043566704,-0.24792352785187396
2025-05-27,0.04374651,-0.23966538571705084
2025-05-28,0.07368988,-0.2238537521891532
2025-05-29,0.07709977,-0.21482106975163384
2025-05-30,0.088140264,-0.1968920824905224
2025-06-02,0.10653825,-0.18248570992952698
2025-06-03,0.089847535,-0.19453292341104259
2025-06-04,0.08975743,-0.20745742027163355
2025-06-05,0.055620354,-0.19391073304064252
2025-06-06,0.053679734,-0.1922007326034563
2025-06-09,0.076937005,-0.14544894325480837
2025-06-10,0.062230896,-0.037763618515945195
2025-06-11,0.0807274,-0.0009275823894397419
2025-06-12,0.08308662,0.03238007071727828
2025-06-13,0.09132338,-0.00597333693538839
2025-06-16,0.109568276,0.08597458207389302
2025-06-17,0.1053817,0.08366069117479143
2025-06-18,0.07041467,0.03772501697806208
2025-06-20,0.09769697,0.07322464562775574
2025-06-23,0.0790806,0.06972839598992055
2025-06-24,0.061713118,0.0563844229013386
2025-06-25,0.07512797,0.14378789279171164
2025-06-26,0.06777008,0.1203537898159617
2025-06-27,0.055521626,0.100866126069987
2025-06-30,0.08103587,0.11186789357276862
2025-07-01,0.047460616,0.07458385897778293
2025-07-02,0.017886372,0.08563759821781261
2025-07-03,0.0020906224,0.09572243594247362
2025-07-07,-0.03496679,0.12193220008411293
2025-07-08,-0.024352632,0.0824369910675412
2025-07-09,-0.020582533,0.07419131590507237
2025-07-10,-0.024612045,0.07419131590507237
2025-07-11,0.061813474,0.07419131590507237
2025-07-14,0.057638217,0.07419131590507237
2025-07-15,0.057881277,0.07419131590507237
2025-07-16,0.057087805,0.07419131590507237
2025-07-17,0.053389747,0.07419131590507237
2025-07-18,0.048650257,0.07419131590507237
2025-07-21,0.05186417,0.07419131590507237
2025-07-22,0.04343982,0.07419131590507237
2025-07-23,0.037939824,0.07419131590507237
2025-07-24,0.034810074,0.07419131590507237
2025-07-25,0.032556,0.07419131590507237
2025-07-28,0.017923987,0.07419131590507237
2025-07-29,0.017108295,0.07419131590507237
2025-07-30,0.027358951,0.07419131590507237
